goodsNo,리뷰번호,리뷰타입,작성자,리뷰내용,평점,체험단,구매옵션,키,몸무게,성별,작성일,만족도,사진유무,도움돼요,브랜드,카테고리,구매사이즈,구매상세,연도,월,일,요일,평점_raw,만족도_응답여부,사이즈,화면대비색감,퀄리티,구김,두께감,신축성,퀄리티_점수,신축성_점수,두께감_점수,구김_점수,사이즈_편차,사이즈_편차절대,화면대비색감_편차,화면대비색감_편차절대
994588,84265881,general,뮤샌샤,사이즈도 적당하고 좋습니다 자주 입을 거 같아요,5.0,False,M(린넨),172.0,71.0,남성,2026-05-07 23:38:23,사이즈: 정사이즈 / 화면 대비 색감: 화면과 비슷 / 퀄리티: 보통 / 구김: 약간 있음,False,0,filluminate,상의,M,(린넨),2026,5,7,목,5,응답,정사이즈,화면과 비슷,보통,약간 있음,,,3.0,,,3.0,0.0,0.0,0.0,0.0
994588,84244248,general,앤틱한노란색의상,"디자인과 색상, 사이즈 전부 다 아주 마음에 듭니다.",5.0,False,XL(옥스포드),180.0,90.0,남성,2026-05-07 11:23:12,사이즈: 정사이즈 / 화면 대비 색감: 화면과 비슷 / 퀄리티: 매우 좋음 / 구김: 약간 있음,False,0,filluminate,상의,XL,(옥스포드),2026,5,7,목,5,응답,정사이즈,화면과 비슷,매우 좋음,약간 있음,,,5.0,,,3.0,0.0,0.0,0.0,0.0
﻿3791891,84265159,general,내일은홍대쿨비즈,반팔 위에 걸쳐입기 좋고 편해요 구김도 없고 마음에 들어요,5.0,False,M,161.0,50.0,여성,2026-05-07 23:16:50,사이즈: 조금 큼 / 화면 대비 색감: 화면과 비슷 / 퀄리티: 좋음 / 구김: 거의 없음,True,0,filluminate,상의,M,,2026,5,7,목,5,응답,조금 큼,화면과 비슷,좋음,거의 없음,,,4.0,,,4.0,1.0,1.0,0.0,0.0
3791891,84262459,general,셈이빠른회색셔츠,재질이 탄탄해서좋았습니다.  핏을 예쁘게 잡아주며 아무곳이나척척 코디할수있어서 좋습니다.,5.0,False,M,161.0,53.0,여성,2026-05-07 22:11:14,사이즈: 정사이즈 / 화면 대비 색감: 화면과 비슷 / 퀄리티: 매우 좋음 / 구김: 거의 없음,False,0,filluminate,상의,M,,2026,5,7,목,5,응답,정사이즈,화면과 비슷,매우 좋음,거의 없음,,,5.0,,,4.0,0.0,0.0,0.0,0.0
3791891,84251994,general,brazil,사이즈도 넉넉하고 레이어드나 여러모로 쓸모가 많아보여요,5.0,False,L,170.0,80.0,남성,2026-05-07 17:22:02,사이즈: 정사이즈 / 화면 대비 색감: 화면과 비슷 / 퀄리티: 보통 / 구김: 약간 있음,True,0,filluminate,상의,L,,2026,5,7,목,5,응답,정사이즈,화면과 비슷,보통,약간 있음,,,3.0,,,3.0,0.0,0.0,0.0,0.0
﻿4969889,84266095,general,123asdw,이미지와 색상이 같고 구김없고 시원한 재질이라 만족스러워요!! 여름에 잘 입겠습니다 177/78 라지 추천합니다,3.0,False,WHITE · [Crop ver.] L,178.0,78.0,남성,2026-05-07 23:44:22,사이즈: 정사이즈 / 화면 대비 색감: 화면과 비슷 / 퀄리티: 보통 / 구김: 약간 있음,False,1,filluminate,상의,L,WHITE [Crop ver.],2026,5,7,목,3,응답,정사이즈,화면과 비슷,보통,약간 있음,,,3.0,,,3.0,0.0,0.0,0.0,0.0
4969889,84257420,general,고잉투게더,남편한테 입히려고 샀는데 가로로 넓은 셔츠라서 m 사길 잘한 것 같아요 두께감은 적당히 있어요,5.0,False,BEIGE · M,167.0,60.0,여성,2026-05-07 20:07:50,사이즈: 정사이즈 / 화면 대비 색감: 화면과 비슷 / 퀄리티: 보통 / 구김: 약간 있음,False,0,filluminate,상의,M,BEIGE,2026,5,7,목,5,응답,정사이즈,화면과 비슷,보통,약간 있음,,,3.0,,,3.0,0.0,0.0,0.0,0.0
﻿5249171,84259448,style,CNICNI,옷은 예쁜데 좀 얇아서 마른체형 커버하기는 무리가 있습니다,5.0,False,M,173.0,60.0,남성,2026-05-07 20:56:14,사이즈: 정사이즈 / 화면 대비 색감: 화면과 비슷 / 두께감: 적당함 / 신축성: 적당함,True,0,filluminate,상의,M,,2026,5,7,목,5,응답,정사이즈,화면과 비슷,,,적당함,적당함,,3.0,3.0,,0.0,0.0,0.0,0.0
5249171,84259423,general,CNICNI,옷은 예쁜데 좀 얇아서 마른체형 커버하기는 무리가 있습니다,4.0,False,M,173.0,60.0,남성,2026-05-07 20:55:47,사이즈: 정사이즈 / 화면 대비 색감: 화면과 비슷 / 두께감: 적당함 / 신축성: 적당함,True,0,filluminate,상의,M,,2026,5,7,목,4,응답,정사이즈,화면과 비슷,,,적당함,적당함,,3.0,3.0,,0.0,0.0,0.0,0.0
﻿6140944,84265856,general,활발한시카고단화,사진에 보이는 것과 비슷하고 정핏입니다. 상당히 예쁘네요,5.0,False,MELANGE GREY · M,170.0,68.0,남성,2026-05-07 23:37:52,사이즈: 정사이즈 / 화면 대비 색감: 화면과 비슷 / 두께감: 적당함 / 신축성: 적당함,False,0,filluminate,상의,M,MELANGE GREY,2026,5,7,목,5,응답,정사이즈,화면과 비슷,,,적당함,적당함,,3.0,3.0,,0.0,0.0,0.0,0.0
6140944,84257450,general,핫한신사지갑,스타일 좋게 입을수 있는 반팔티네요. 잘입을께요.,5.0,False,CHARCOAL · M,168.0,63.0,missing,2026-05-07 20:08:26,사이즈: 정사이즈 / 화면 대비 색감: 화면과 비슷 / 두께감: 적당함 / 신축성: 강함,False,0,filluminate,상의,M,CHARCOAL,2026,5,7,목,5,응답,정사이즈,화면과 비슷,,,적당함,강함,,4.0,3.0,,0.0,0.0,0.0,0.0
6140944,84257414,general,핫한신사지갑,여름에 안달라붙고 스타일 좋게 입을수 있는 반팔티 네요. 잘 입을께요.,5.0,False,LIGHT KHAKI · M,168.0,63.0,missing,2026-05-07 20:07:33,사이즈: 정사이즈 / 화면 대비 색감: 화면과 비슷 / 두께감: 적당함 / 신축성: 강함,False,0,filluminate,상의,M,LIGHT KHAKI,2026,5,7,목,5,응답,정사이즈,화면과 비슷,,,적당함,강함,,4.0,3.0,,0.0,0.0,0.0,0.0
6140944,84251339,style,exceed97,휘뚜루마뚜루 입기 좋은 스타일 좋아요 감도 두툼하고 신축성있는 니트느낌,5.0,False,MELANGE GREY · M,176.0,66.0,남성,2026-05-07 16:55:33,사이즈: 조금 큼 / 화면 대비 색감: 화면과 비슷 / 두께감: 두꺼움 / 신축성: 강함,True,0,filluminate,상의,M,MELANGE GREY,2026,5,7,목,5,응답,조금 큼,화면과 비슷,,,두꺼움,강함,,4.0,4.0,,1.0,1.0,0.0,0.0
6140944,84251324,general,exceed97,감이 니트같고 신기해요 한여름엔 살짝 더울수도?,5.0,False,MELANGE GREY · M,176.0,66.0,남성,2026-05-07 16:54:47,사이즈: 정사이즈 / 화면 대비 색감: 화면과 비슷 / 두께감: 두꺼움 / 신축성: 강함,True,0,filluminate,상의,M,MELANGE GREY,2026,5,7,목,5,응답,정사이즈,화면과 비슷,,,두꺼움,강함,,4.0,4.0,,0.0,0.0,0.0,0.0
﻿6108854,84266132,general,흐뭇한버건디시크,셔츠가 정말 예뻐요 사이즈도 적당하고 좋아요 시원하게 잘 입을듯,5.0,False,L,164.0,50.0,여성,2026-05-07 23:45:33,사이즈: 정사이즈 / 화면 대비 색감: 화면과 비슷 / 퀄리티: 보통 / 구김: 약간 있음,True,0,filluminate,상의,L,,2026,5,7,목,5,응답,정사이즈,화면과 비슷,보통,약간 있음,,,3.0,,,3.0,0.0,0.0,0.0,0.0
﻿6391691,84262581,general,knys,굿굿 가격대비 확실히 좋은거 같아여 스카이블루 하나 더 사랴고요,5.0,False,LIGHT BLUE · [Crop ver.] M,167.0,65.0,남성,2026-05-07 22:14:01,사이즈: 정사이즈 / 화면 대비 색감: 화면과 비슷 / 퀄리티: 보통 / 구김: 약간 있음,False,0,filluminate,상의,M,LIGHT BLUE [Crop ver.],2026,5,7,목,5,응답,정사이즈,화면과 비슷,보통,약간 있음,,,3.0,,,3.0,0.0,0.0,0.0,0.0
6391691,84261360,general,paul766,가격 대비 마감 재질 다 좋네요. 약간 오버핏이라 이뻐요,5.0,False,LIGHT BLUE · [Crop ver.] L,173.0,68.0,남성,2026-05-07 21:43:57,사이즈: 정사이즈 / 화면 대비 색감: 화면과 비슷 / 퀄리티: 좋음 / 구김: 약간 있음,False,0,filluminate,상의,L,LIGHT BLUE [Crop ver.],2026,5,7,목,5,응답,정사이즈,화면과 비슷,좋음,약간 있음,,,4.0,,,3.0,0.0,0.0,0.0,0.0
6391691,84259122,general,Bbonggi81,기본 살짝와이드한 품이나 크롭한 디자인까지 마음에드네여,4.0,False,INDIGO · [Crop ver.] L,171.0,67.0,남성,2026-05-07 20:47:36,사이즈: 정사이즈 / 화면 대비 색감: 화면과 비슷 / 퀄리티: 보통 / 구김: 약간 있음,False,0,filluminate,상의,L,INDIGO [Crop ver.],2026,5,7,목,4,응답,정사이즈,화면과 비슷,보통,약간 있음,,,3.0,,,3.0,0.0,0.0,0.0,0.0
﻿6140950,84268326,experience,할부도트뎀,"심플한 검은티, 가슴에 작은 포인트가 있고 무난해서 어느곳에나 매치하기 쉬운 기본 아이템같아요 프린팅도 고급스럽고 과하지 않아서 느낌이 좋습니다 색상은 사진보다 더 짙은, 블랙 블랙입니다  원단이 부드러워서 착용감이 좋았고 너무 흐물거리지도 않는 약간은 탄탄한 핏감이고 두께감도 보통이라 시즌도 덜 탈것같네요 여름부터 가을 이너까지 범용성이 넓어보입니다 전체적인 핏도 자연스럽게 떨어져서 단독으로 입어도 깔끔한 느낌이 납니다.  세탁 후에도 형태가 잘 유지되고 데일리로 자주 손이 가는 만족스러운 제품입니다.",5.0,True,L,179.0,65.0,남성,2026-05-08 01:10:49,사이즈: 정사이즈 / 화면 대비 색감: 화면과 비슷 / 두께감: 적당함 / 신축성: 적당함,True,0,filluminate,상의,L,,2026,5,8,금,5,응답,정사이즈,화면과 비슷,,,적당함,적당함,,3.0,3.0,,0.0,0.0,0.0,0.0
﻿6140949,84256488,general,맘대로사자,가격대비 무난한 핏 무난한 디자인이라 전투용으로 잘 활용할 거 같네요,5.0,False,M,178.0,75.0,남성,2026-05-07 19:39:34,사이즈: 정사이즈 / 화면 대비 색감: 화면과 비슷 / 두께감: 적당함 / 신축성: 적당함,False,0,filluminate,상의,M,,2026,5,7,목,5,응답,정사이즈,화면과 비슷,,,적당함,적당함,,3.0,3.0,,0.0,0.0,0.0,0.0
6140949,84252981,experience,신바람난파리패턴,저는 일주일에 운동을 4일 다니기때문에 편한 티셔츠를 필수로 갖고 있어야해요  특히 레깅스에 길이감이 많이 긴 티셔츠를 자주입는데 S사이즈도 충분히 엉덩이를 덮고 핏하지 않고 넉넉한 스타일이라 자주 입을 수 있을 것 같아요  로고도 촌스럽지 않고 가슴부분에 작게 튀지않은 색이라 자주 입을 수 있을것 같네요   완전 얇지않은 적당한 두께에 딱 엉덩이를 덮어주는 길이감  여자분들은 대부분 s사이즈 하시면 좋으실것 같네요  레이어드 하기에도 좋을것같고 넥라인도 답답하지않고 적당해요~ 세탁을 해보진 않았지만 크게 줄어들것같진않네요,5.0,True,S,161.0,50.0,여성,2026-05-07 17:56:12,사이즈: 조금 큼 / 화면 대비 색감: 화면과 비슷 / 두께감: 두꺼움 / 신축성: 적당함,True,0,filluminate,상의,S,,2026,5,7,목,5,응답,조금 큼,화면과 비슷,,,두꺼움,적당함,,3.0,4.0,,1.0,1.0,0.0,0.0
﻿6140883,84264055,general,재민아나라세워라,생각보다 흐물거려서 핏이 그렇게 이쁘진 않아요 마를수록 예쁠것같아요 그리고 체크 흰색부분이 좀 노래서 전체적으로 웜한 느낌? 여름에 에어컨 바람 막는 용으로 입거나 허리에 묶으면 이뻐요,3.0,False,S,167.0,65.0,여성,2026-05-07 22:50:43,사이즈: 정사이즈 / 화면 대비 색감: 밝음 / 퀄리티: 보통 / 구김: 약간 있음,False,0,filluminate,상의,S,,2026,5,7,목,3,응답,정사이즈,밝음,보통,약간 있음,,,3.0,,,3.0,0.0,0.0,1.0,1.0
6140883,84260450,general,코미 코미,편안함과 부드러운 소재감과 가벼운 무게감. 루즈한 디자인에 만족해요. 한여름에도 입을 수 있는 얇은 두께에요. 평소 100사이즈 입는데 M사이즈가 맞네요.,5.0,False,M,180.0,67.0,남성,2026-05-07 21:21:35,사이즈: 조금 큼 / 화면 대비 색감: 화면과 비슷 / 퀄리티: 매우 좋음 / 구김: 약간 있음,True,0,filluminate,상의,M,,2026,5,7,목,5,응답,조금 큼,화면과 비슷,매우 좋음,약간 있음,,,5.0,,,3.0,1.0,1.0,0.0,0.0
6140883,84260383,style,코미 코미,편안함과 부드러운 소재감과 가벼운 무게감. 루즈한 디자인에 만족해요. 한여름에도 입을 수 있는 얇은 두께에요. 평소 100사이즈 입는데 M사이즈가 맞네요.,5.0,False,M,180.0,67.0,남성,2026-05-07 21:20:12,사이즈: 조금 큼 / 화면 대비 색감: 화면과 비슷 / 퀄리티: 매우 좋음 / 구김: 약간 있음,True,0,filluminate,상의,M,,2026,5,7,목,5,응답,조금 큼,화면과 비슷,매우 좋음,약간 있음,,,5.0,,,3.0,1.0,1.0,0.0,0.0
﻿6108964,84258247,experience,Yu__jin,기본적으로 어디에 입던지 무난하게 코디할수있는 반팔 인거 같아요!! 일단 포인트도 이쁘게 잘 들어가있고 검은색이라 코디하기 너무 편안한 옷입니다 여름에 입기 딱 좋은 두께감이고 신축성도 어느정도 있는 편이라 편하게 입을수 있을꺼 같아요!! 사이즈는 한사이즈 정도 작게 시키시면 알맞게 이쁘게끔 입을수 있을꺼 같습니다😆😆 색감도 화면에 나와있는 사진이랑 똑같이 나왔다고 보시면 될꺼 같아요!! 전반적으로 이제곳 여름이니까 저는 많이 즐겨입을꺼 같습니다!! 조금 크게 입는거 좋아하시는 분들은 저처럼 사이즈 이대로 시켜도 될꺼같아요~!!,5.0,True,M,175.0,64.0,남성,2026-05-07 20:26:25,사이즈: 조금 큼 / 화면 대비 색감: 화면과 비슷 / 두께감: 적당함 / 신축성: 강함,True,0,filluminate,상의,M,,2026,5,7,목,5,응답,조금 큼,화면과 비슷,,,적당함,강함,,4.0,3.0,,1.0,1.0,0.0,0.0
﻿6108866,84258284,general,피곤한서울아우터,디지인도 귀엽고 재질도 탄탄하니 좋습니다!  여름에 잘입을 것 같아요,5.0,False,M,169.0,65.0,여성,2026-05-07 20:27:44,사이즈: 정사이즈 / 화면 대비 색감: 화면과 비슷 / 퀄리티: 좋음 / 구김: 약간 있음,False,0,filluminate,상의,M,,2026,5,7,목,5,응답,정사이즈,화면과 비슷,좋음,약간 있음,,,4.0,,,3.0,0.0,0.0,0.0,0.0
﻿6108955,84262025,experience,주걱밥,"키체인 프린팅이 포인트라서 기본 팬츠에만 입어도 코디가 살아나는 느낌입니다. 그레이 컬러라 부담 없이 매치하기 좋고, 블루/오렌지 배색이 생각보다 실물에서 더 예뻤어요.  원단도 부드러운 편이라 착용감 괜찮았고, 핏은 살짝 여유 있는 느낌이라 데일리로 편하게 입기 좋았습니다. 프린팅 존재감이 확실해서 여름에 단독으로 입기 좋을 것 같아요. 세미 와이드 팬츠나  카고팬츠랑 매치하면 스트릿한 분위기 잘 나옵니다.  그리고 핏이 정말 미쳤습니다, 총장이 길게 나와 부담되지 않을까 했는데 너무 이쁘게 딱 떨어집니다. 저랑 체형 비슷하신 분은 무조건 라지 하세요!! 뒤에서 봤을때 등판 넓어 보이고  팔 접어 입으면 핏 대박입니다.",5.0,True,L,181.0,80.0,남성,2026-05-07 22:00:16,사이즈: 정사이즈 / 화면 대비 색감: 화면과 비슷 / 두께감: 두꺼움 / 신축성: 적당함,True,0,filluminate,상의,L,,2026,5,7,목,5,응답,정사이즈,화면과 비슷,,,두꺼움,적당함,,3.0,4.0,,0.0,0.0,0.0,0.0
﻿6140884,84257521,style,예쁜숙자,여름에도 입을 수 있을 것 같아요. 두껍지가 않아서 좋네요. 살랑살랑 좋습니다.,5.0,False,S,174.0,69.0,남성,2026-05-07 20:10:07,사이즈: 정사이즈 / 화면 대비 색감: 화면과 비슷 / 퀄리티: 매우 좋음 / 구김: 약간 있음,True,0,filluminate,상의,S,,2026,5,7,목,5,응답,정사이즈,화면과 비슷,매우 좋음,약간 있음,,,5.0,,,3.0,0.0,0.0,0.0,0.0
6140884,84257491,general,예쁜숙자,배송 감사드립니다. 셔츠가 너무 예뻐서 구매하였습니다. 필름이 네이트는 다 예쁜 거 같아요.,5.0,False,S,174.0,69.0,남성,2026-05-07 20:09:28,사이즈: 정사이즈 / 화면 대비 색감: 화면과 비슷 / 퀄리티: 매우 좋음 / 구김: 약간 있음,True,0,filluminate,상의,S,,2026,5,7,목,5,응답,정사이즈,화면과 비슷,매우 좋음,약간 있음,,,5.0,,,3.0,0.0,0.0,0.0,0.0
﻿6140895,84252779,style,Siuu!!,딱 원하는 정도의 딥한 컬러감이 가장 만족스럽습니다 약간의 크링클이라 자연스러운 스타일링에 좋구요 앏은 소재감으로 한여름에도 가볍게 걸치기 좋겠네요 단추가 화이트인 건 완전 에러인거 같아서 블랙으로 바꿔달았네요,5.0,False,M,172.0,73.0,남성,2026-05-07 17:50:20,사이즈: 조금 큼 / 화면 대비 색감: 화면과 비슷 / 퀄리티: 보통 / 구김: 많음,True,0,filluminate,상의,M,,2026,5,7,목,5,응답,조금 큼,화면과 비슷,보통,많음,,,3.0,,,2.0,1.0,1.0,0.0,0.0
﻿6140799,84254765,style,산뜻한플럼컬렉션,가볍게 입고 다닐 것 같아요. 시원하고 부들부들해요,5.0,False,F,166.0,58.0,여성,2026-05-07 18:50:08,사이즈: 정사이즈 / 화면 대비 색감: 화면과 비슷 / 퀄리티: 좋음 / 구김: 거의 없음,True,0,filluminate,상의,F,,2026,5,7,목,5,응답,정사이즈,화면과 비슷,좋음,거의 없음,,,4.0,,,4.0,0.0,0.0,0.0,0.0
6140799,84254733,general,산뜻한플럼컬렉션,가볍게 입고 다닐 셔츠가 필요해서 구매했는데 잘 입고 다닐 것 같아요. 후들후들 소재라서 시원하네요,5.0,False,F,166.0,58.0,여성,2026-05-07 18:49:18,사이즈: 정사이즈 / 화면 대비 색감: 화면과 비슷 / 퀄리티: 좋음 / 구김: 거의 없음,True,0,filluminate,상의,F,,2026,5,7,목,5,응답,정사이즈,화면과 비슷,좋음,거의 없음,,,4.0,,,4.0,0.0,0.0,0.0,0.0
﻿6322651,84259979,experience,독특한피렌체탱크,여름에 입기 좋은 적당한 오버핏 반팔같아요! 색감은 화면이랑 비슷하다고 생각하시면서 사시면 될거같아요 평소에 손이 많이 갈거같은 디자인이고 크게 호불호 안타는 핏인거 같아요 조금 통통하신 분들도 이건 팔부분이 커서 조금 얇아 보일수있을거 같아요 여름 반팔은 보통하나만 입어서 촉감을 좀 중요하게 보는데 까슬거리는건 하나도 없고 진짜 부드러워요 다만 비침이 조금 있어서 전 캡나시랑 같이 입을거 같아요 민망하신거 싫으시면 스킨톤속옷이랑 같이 입는걸추천할게요! 여름에 앞으로 자주입을거같아요!,5.0,True,M,165.0,62.0,여성,2026-05-07 21:10:41,사이즈: 정사이즈 / 화면 대비 색감: 화면과 비슷 / 두께감: 얇음 / 신축성: 강함,True,0,filluminate,상의,M,,2026,5,7,목,5,응답,정사이즈,화면과 비슷,,,얇음,강함,,4.0,2.0,,0.0,0.0,0.0,0.0
6322651,84251507,experience,깊은맨하탄비즈,"핏이 자연스럽게 떨어지는 오버핏이라 편하게 입기 좋았습니다. 아이보리 컬러라 부담 없이 여기저기 코디하기 쉬웠고, 후면 스프레이 프린팅도 과하지 않게 포인트 돼서 예뻤어요.  원단도 코튼 100%라 부드러운 느낌이었고, 얇은 편이라 요즘 날씨에 단독으로 입기 괜찮았습니다. 특히 실루엣이 깔끔해서 와이드 팬츠나 데님이랑 같이 매치하기 좋았어요.  평소 오버핏 좋아하는 편인데 원하는 느낌으로 잘 나왔고, 프린팅 있는 반팔 찾는 분들한테 추천할 만한 제품 같습니다. 전체적으로 너무 만족스러운 제품인 것 같습니다.",5.0,True,M,179.0,70.0,남성,2026-05-07 17:03:24,사이즈: 정사이즈 / 화면 대비 색감: 화면과 비슷 / 두께감: 적당함 / 신축성: 적당함,True,0,filluminate,상의,M,,2026,5,7,목,5,응답,정사이즈,화면과 비슷,,,적당함,적당함,,3.0,3.0,,0.0,0.0,0.0,0.0
﻿6322655,84268494,experience,특정한나고야코디,체험단이 되서 안좋아도 그냥 저냥 입고 다녀야겠다는 생각으로 입었는데 제가 찾던 핏이였어요! 밑 기장이 과하게 길지 않으면서도 소매는 어느정도로 긴 그런 반팔티 찾고있었는데 너무 제가 찾던 티 그 자체라 너무 만족스러워요! 또 뒤 프린팅이 너무 심심하지 않게 꾸며주니까 더운 여름 가볍게 입기 너무 좋을거 같아요.옷 소제 자체도 굉장히 얇고 시원시원한 소제라 마음에 드네요 옷 자체가 예뻐서 위에 더 입어서 꾸미기도 좋고 그냥 생으로 입어도 이쁘고 다용도로 사용할수 있을거 같아 너무 기쁘네요!,5.0,True,L,181.0,69.0,남성,2026-05-08 01:22:30,사이즈: 조금 큼 / 화면 대비 색감: 매우 어두움 / 두께감: 적당함 / 신축성: 거의 없음,True,0,filluminate,상의,L,,2026,5,8,금,5,응답,조금 큼,매우 어두움,,,적당함,거의 없음,,2.0,3.0,,1.0,1.0,-2.0,2.0
6322655,84251533,experience,활기찬신사아이참,"키 159cm, 몸무게 45kg인 제 체형 기준으로 S 사이즈가 정말 예쁜 세미 오버핏으로 떨어져요. 너무 크지도, 작지도 않게 엉덩이를 살짝 덮는 기장이라 활동하기 편하면서도 여리여리해 보이는 실루엣을 만들어줍니다. 어깨 라인도 자연스럽게 내려와 있어 체구가 작으신 분들도 부담 없이 착용하기 좋을 것 같아요. 블랙 컬러라 자칫 평범할 수 있는데, 전면의 스프레이 그래픽이 확실한 포인트가 됩니다. 프린팅 퀄리티가 탄탄해서 세탁 후에도 쉽게 갈라지거나 변형될 걱정은 없을 것 같아요. 스트릿한 무드부터 캐주얼한 데일리룩까지 어디에나 매치하기 좋은 디자인입니다. 목 부분 시보리도 짱짱하게 처리되어 있어 늘어남 걱정 없이 오래 입을 수 있을 것 같네요. 심플한 블랙 티셔츠에 유니크한 그래픽 한 방울을 더하고 싶은 분들께 강력 추천합니다! 데님이나 와이드 팬츠, 반바지 어디에 매치해도 스타일리시한 느낌을 줄 수 있어 올여름 교복 템이 될 것 같아요. 만족스러운 체험이었습니다.",5.0,True,S,159.0,45.0,여성,2026-05-07 17:04:35,사이즈: 조금 큼 / 화면 대비 색감: 화면과 비슷 / 두께감: 적당함 / 신축성: 적당함,True,0,filluminate,상의,S,,2026,5,7,목,5,응답,조금 큼,화면과 비슷,,,적당함,적당함,,3.0,3.0,,1.0,1.0,0.0,0.0
﻿3455892,84263554,general,정제된프라하체크,배송이 매~~~~~~~우 늦게 와서 화가 났지만 옷은 좋았음 맨날 입고 다님,5.0,False,S,161.0,49.0,여성,2026-05-07 22:39:01,사이즈: 정사이즈 / 화면 대비 색감: 화면과 비슷 / 퀄리티: 보통 / 두께감: 적당함,False,0,filluminate,아우터,S,,2026,5,7,목,5,응답,정사이즈,화면과 비슷,보통,,적당함,,3.0,,3.0,,0.0,0.0,0.0,0.0
3455892,84262680,general,로마대란템,160기준 엉덩이 덮는 정도 길이로 아방하게 입을 수 있어요 일자핏으로 떨어져서 말라보여요,5.0,False,S,161.0,46.0,여성,2026-05-07 22:15:57,사이즈: 조금 큼 / 화면 대비 색감: 화면과 비슷 / 퀄리티: 좋음 / 두께감: 매우 얇음,False,0,filluminate,아우터,S,,2026,5,7,목,5,응답,조금 큼,화면과 비슷,좋음,,매우 얇음,,4.0,,1.0,,1.0,1.0,0.0,0.0
﻿4728678,84255803,general,꿈많은빨강바지,아무때나 입을 옷이 필요해서 구매했습니다. 좋아 보입니다.,5.0,False,M,170.0,66.0,남성,2026-05-07 19:20:52,사이즈: 정사이즈 / 화면 대비 색감: 화면과 비슷 / 퀄리티: 보통 / 두께감: 적당함,True,0,filluminate,아우터,M,,2026,5,7,목,5,응답,정사이즈,화면과 비슷,보통,,적당함,,3.0,,3.0,,0.0,0.0,0.0,0.0
﻿5797781,84252102,general,작은독일코지,일단 배송이 빨라서 좋았고 s도 많이 커요 옷이 너무너누 이뻐요,5.0,False,BLACK · S,160.0,55.0,여성,2026-05-07 17:25:37,사이즈: 조금 큼 / 화면 대비 색감: 화면과 비슷 / 두께감: 얇음 / 퀄리티: 보통,False,0,filluminate,아우터,S,BLACK,2026,5,7,목,5,응답,조금 큼,화면과 비슷,보통,,얇음,,3.0,,2.0,,1.0,1.0,0.0,0.0
﻿6109219,84263301,general,높은호이안뮬,완전얇은 바람막이가 필요했는데 딱 원하는 스탈이네요,5.0,False,M,168.0,52.0,여성,2026-05-07 22:32:32,사이즈: 정사이즈 / 화면 대비 색감: 화면과 비슷 / 퀄리티: 매우 좋음 / 두께감: 매우 얇음,True,0,filluminate,아우터,M,,2026,5,7,목,5,응답,정사이즈,화면과 비슷,매우 좋음,,매우 얇음,,5.0,,1.0,,0.0,0.0,0.0,0.0
﻿3791988,84259556,general,품격있는런던버튼,깔끔하게 떨어지는 미디엄블루 청바지가 세련되어 보입니다,5.0,False,M,172.0,70.0,여성,2026-05-07 20:59:11,사이즈: 정사이즈 / 화면 대비 색감: 화면과 비슷 / 퀄리티: 보통 / 신축성: 적당함,True,0,filluminate,하의,M,,2026,5,7,목,5,응답,정사이즈,화면과 비슷,보통,,,적당함,3.0,3.0,,,0.0,0.0,0.0,0.0
3791988,84259130,general,유연한프라하정장,가볍게 입기 좋고 핏도 깔끔해서 만족합니다. 데일리용으로 잘 입고 있어요.,5.0,False,M,172.0,62.0,남성,2026-05-07 20:47:47,사이즈: 정사이즈 / 화면 대비 색감: 화면과 비슷 / 퀄리티: 매우 좋음 / 신축성: 적당함,True,0,filluminate,하의,M,,2026,5,7,목,5,응답,정사이즈,화면과 비슷,매우 좋음,,,적당함,5.0,3.0,,,0.0,0.0,0.0,0.0
﻿3792018,84255770,general,꿈많은빨강바지,여름이랑 가을에 편하게 입으려고 샀습니다. 이쁘네요,5.0,False,XS,170.0,66.0,남성,2026-05-07 19:19:54,사이즈: 정사이즈 / 화면 대비 색감: 화면과 비슷 / 퀄리티: 보통 / 신축성: 적당함,True,0,filluminate,하의,XS,,2026,5,7,목,5,응답,정사이즈,화면과 비슷,보통,,,적당함,3.0,3.0,,,0.0,0.0,0.0,0.0
﻿3791990,84258314,style,sxyslee.10,기장감이 과하지 않고 적당해서 핏 이쁘게 나오고 워싱도 잘 빠져있어요,5.0,False,S,172.0,65.0,남성,2026-05-07 20:28:32,사이즈: 정사이즈 / 화면 대비 색감: 화면과 비슷 / 퀄리티: 보통 / 신축성: 적당함,True,0,filluminate,하의,S,,2026,5,7,목,5,응답,정사이즈,화면과 비슷,보통,,,적당함,3.0,3.0,,,0.0,0.0,0.0,0.0
﻿4969807,84263319,general,초록좋아요,옷 이쁘고 시원함 끈도 안쪽으로 있어서 볼록튀어 나옴이 없음 그리고 잘맞음 몇개 더 사고 싶음,5.0,False,BEIGE · L,179.0,76.0,남성,2026-05-07 22:32:58,사이즈: 정사이즈 / 화면 대비 색감: 화면과 비슷 / 퀄리티: 보통 / 신축성: 적당함,True,0,filluminate,하의,L,BEIGE,2026,5,7,목,5,응답,정사이즈,화면과 비슷,보통,,,적당함,3.0,3.0,,,0.0,0.0,0.0,0.0
4969807,84263309,style,초록좋아요,옷 이쁘고 시원함 끈도 안쪽으로 있어서 볼록튀어 나옴이 없음 그리고 잘맞음 몇개 더 사고 싶음,5.0,False,BEIGE · L,179.0,76.0,남성,2026-05-07 22:32:38,사이즈: 정사이즈 / 화면 대비 색감: 화면과 비슷 / 퀄리티: 보통 / 신축성: 적당함,True,0,filluminate,하의,L,BEIGE,2026,5,7,목,5,응답,정사이즈,화면과 비슷,보통,,,적당함,3.0,3.0,,,0.0,0.0,0.0,0.0
4969807,84252660,general,차분한LA댄디룩,택배가 많이 구겨져서 와서 걱정했는데 ㅎㅎ 매우 만족 . 살이 많이쪄서 바지 32는 조금 불편하고 34는 괜찮은 33의 어느 경계선인데..ㅎㅎ 후기 다 읽어보고 M 사이즈로 모험을 했지만 성공 ㅎ 사이즈는 괜찮아요!   완전한 와이드핏으로 입으실 분들이나 34 입으시는 분들 부터는 필히 L 사이드 주문 하시길! 색상 재질 기장 모두 다 매우 만족합니다! b,5.0,False,BLACK · M,170.0,75.0,남성,2026-05-07 17:47:09,사이즈: 정사이즈 / 화면 대비 색감: 화면과 비슷 / 퀄리티: 매우 좋음 / 신축성: 거의 없음,True,0,filluminate,하의,M,BLACK,2026,5,7,목,5,응답,정사이즈,화면과 비슷,매우 좋음,,,거의 없음,5.0,2.0,,,0.0,0.0,0.0,0.0
﻿5911789,84261378,style,붕붕이...,건조기 돌려도 잘 안 쪼그라들어서 좋아욜~~  세일할때 사길 잘 한 거 갗아요,5.0,False,COTTON BLACK · XL,166.0,55.0,여성,2026-05-07 21:44:14,사이즈: 정사이즈 / 화면 대비 색감: 화면과 비슷 / 퀄리티: 보통 / 신축성: 적당함,True,0,filluminate,하의,XL,COTTON BLACK,2026,5,7,목,5,응답,정사이즈,화면과 비슷,보통,,,적당함,3.0,3.0,,,0.0,0.0,0.0,0.0
5911789,84253456,style,GUARD:,핏이랑 소재 너무 좋은것 같습니다 다들 사셔도 됩니다,5.0,False,CREAM · M,176.0,75.0,남성,2026-05-07 18:10:02,사이즈: 정사이즈 / 화면 대비 색감: 화면과 비슷 / 퀄리티: 보통 / 신축성: 적당함,True,0,filluminate,하의,M,CREAM,2026,5,7,목,5,응답,정사이즈,화면과 비슷,보통,,,적당함,3.0,3.0,,,0.0,0.0,0.0,0.0
5911789,84253445,general,GUARD:,핏이랑 소재 너무 좋은것 같습니다 다들 사셔도 됩니다,5.0,False,CREAM · M,176.0,75.0,남성,2026-05-07 18:09:47,사이즈: 정사이즈 / 화면 대비 색감: 화면과 비슷 / 퀄리티: 보통 / 신축성: 적당함,True,0,filluminate,하의,M,CREAM,2026,5,7,목,5,응답,정사이즈,화면과 비슷,보통,,,적당함,3.0,3.0,,,0.0,0.0,0.0,0.0
﻿5334006,84268986,general,Solle8900,생각만큼 이쁩니다. 근데 사이즈가 많이 커서 한 사이즈 작게 사셔야할듯해요.,5.0,False,L,178.0,74.0,남성,2026-05-08 01:58:26,사이즈: 많이 큼 / 화면 대비 색감: 화면과 비슷 / 퀄리티: 매우 좋음 / 신축성: 거의 없음,False,0,filluminate,하의,L,,2026,5,8,금,5,응답,많이 큼,화면과 비슷,매우 좋음,,,거의 없음,5.0,2.0,,,2.0,2.0,0.0,0.0
5334006,84268481,general,노력하는피사의상,옷자체는 나쁘지 않았지만 사이즈가 너무 커서 벨트가 필수다,5.0,False,L,177.0,71.0,남성,2026-05-08 01:22:06,사이즈: 많이 큼 / 화면 대비 색감: 어두움 / 퀄리티: 보통 / 신축성: 적당함,False,0,filluminate,하의,L,,2026,5,8,금,5,응답,많이 큼,어두움,보통,,,적당함,3.0,3.0,,,2.0,2.0,-1.0,1.0
﻿6322928,84266227,experience,댄디한주황트윌리,한줄평가: 생각보다 얇고 핏이 아주 맛들어짐!! 길이: 제가 159정도 되는데 아주 조금 길었어요.! 바지 밑단에 버튼하면 그래도 조금 길지만 굽있는 신발 신으면 안끌릴 정도!! 핏:홈페이지 사진에 나온 그 핏입니다 쩔어용💕💕 색깔:눈 으로 보는건 착샷 색이랑 제일 비슷해요 조금 진한 베이지 색깔입니다 재질: 얇아요!! 생각보다 얇은 재질이라 아주 더울때도 잘 입을수있을것같고 겨울에는 내복만 입으면 잘 입을것같습니당  단점이 없고 핏이 너무나 이쁜 바지입니당.! 무상제공 받은건 맞는데 ㄹㅇ 이뻐요ㅜㅜㅠ 저같은 키작녀도 충분히 입을수있어요 아주 좋습니당 베이지팬츠 찾으시면 믿고 구매하세용,5.0,True,S,159.0,45.0,여성,2026-05-07 23:48:23,사이즈: 정사이즈 / 화면 대비 색감: 어두움 / 퀄리티: 매우 좋음 / 신축성: 거의 없음,True,0,filluminate,하의,S,,2026,5,7,목,5,응답,정사이즈,어두움,매우 좋음,,,거의 없음,5.0,2.0,,,0.0,0.0,-1.0,1.0
6322928,84264812,experience,행복 하자,안녕하세요  ^^   저는  이번 필루미 네이트 이벤트 에  당첨 된 사람 입니당 이번 이벤트 에 제가  당첨 될 줄 저도 전혀 몰랐어요 ☺️  당첨 경혐이 한번도 무신사 에서는 없서서 당첨 안되겠지 하고 한번 눌러 본건데 갑자기  이벤트 당첨 됬다고 해서 당첨 됬다는 그 소식 듣고 제가 너무 너무 기뻐서 막 이리 뛰고 저리  뛰어 댕겼 었어요 제 방 에서   얼마나 기쁜지 모르 겠어요  너무 신나고 들뜬 체로 막 기대 되는 마음으로 택배 를 뜨고 착용 을 해봤는데 너무 편하고  괜찮더 라구요 바지 필루미 네이트 는 편하고  린넨 이라서 그런지 여름에 입기 편할거 같아서요 :) 감사합니당 이벤트 당첨 되게 해주셔서  필루미 네이트 관계자  여러 분들 ❤️❤️❤️❤️❤️ 👏👏👏,5.0,True,M,145.0,150.0,여성,2026-05-07 23:07:45,사이즈: 정사이즈 / 화면 대비 색감: 화면과 비슷 / 퀄리티: 보통 / 신축성: 적당함,True,0,filluminate,하의,M,,2026,5,7,목,5,응답,정사이즈,화면과 비슷,보통,,,적당함,3.0,3.0,,,0.0,0.0,0.0,0.0
6322928,84257931,general,YHee22,"클까 걱정했는데, 허리 밴딩이랑 줄로 조일 수도 있고 밑단도 버튼식으로 줄일 수 있게 나와서 내고 싶은 느낌에 따라 달리 해도 될듯!  통도 적당하고 딱 이런 연한 베이지색깔 원했는데 너무 만족!!",5.0,False,L,176.0,62.0,남성,2026-05-07 20:30:52,사이즈: 정사이즈 / 화면 대비 색감: 화면과 비슷 / 퀄리티: 매우 좋음 / 신축성: 매우 강함,False,0,filluminate,하의,L,,2026,5,7,목,5,응답,정사이즈,화면과 비슷,매우 좋음,,,매우 강함,5.0,5.0,,,0.0,0.0,0.0,0.0
6322928,84253266,general,dbapple,재질이 얇은데 흐늘거리지는 않아서 핏이 좋습니다 한여름에 잘 입을 것 같습니다 다른 색도 구매 예정입니다,5.0,False,L,183.0,68.0,남성,2026-05-07 18:04:30,사이즈: 정사이즈 / 화면 대비 색감: 화면과 비슷 / 퀄리티: 좋음 / 신축성: 적당함,True,0,filluminate,하의,L,,2026,5,7,목,5,응답,정사이즈,화면과 비슷,좋음,,,적당함,4.0,3.0,,,0.0,0.0,0.0,0.0
﻿6322922,84262275,style,옷이라도잘입을게,실물이 좀 더 누렇습니다. 발목에 스냅이 있어서 핏조절이 가능하고 얇아서 시원하게 입기 좋을거 같아요.,5.0,False,L,180.0,78.0,남성,2026-05-07 22:06:27,사이즈: 정사이즈 / 화면 대비 색감: 매우 어두움 / 퀄리티: 보통 / 신축성: 적당함,True,0,filluminate,하의,L,,2026,5,7,목,5,응답,정사이즈,매우 어두움,보통,,,적당함,3.0,3.0,,,0.0,0.0,-2.0,2.0
6322922,84261395,general,paul766,"오버핏이라 이쁘고, 허리가 얇은 편인데 딱 좋아요",5.0,False,M,173.0,68.0,남성,2026-05-07 21:44:35,사이즈: 조금 큼 / 화면 대비 색감: 화면과 비슷 / 퀄리티: 좋음 / 신축성: 전혀 없음,False,0,filluminate,하의,M,,2026,5,7,목,5,응답,조금 큼,화면과 비슷,좋음,,,전혀 없음,4.0,1.0,,,1.0,1.0,0.0,0.0
6322922,84252068,experience,밝은오치드의상,통통하신 분들은 허리쪽 밴딩이 신축성이 아예 없어서 허리쪽 사이즈가 좀 딱 맞을거 같아요 저는 입었는데 허리쪽이 너무 딱 맞아서 좀 작았는데 170/60kg대가 입으면 좀 크고 딱 좋은 핏인거 같아요 어머니 드렸는데 매우 마음에 드셔해요 옷 재질은 좀 많이 얇고  겨울에는 못 입을거같긴한데 여름에 입기 딱 좋은거 같아요 색깔은 좀 어두운 느낌이 있어요 제가 올린 사진이 실제 색과 똑같네용 주름이 많이 생기는 옷인데 그런거 어머니가 많이 신경 쓰시는데도 마음에 들어하시고 좋아하시네용.,5.0,True,L,172.0,68.0,여성,2026-05-07 17:24:23,사이즈: 정사이즈 / 화면 대비 색감: 어두움 / 퀄리티: 보통 / 신축성: 거의 없음,True,0,filluminate,하의,L,,2026,5,7,목,5,응답,정사이즈,어두움,보통,,,거의 없음,3.0,2.0,,,0.0,0.0,-1.0,1.0
﻿4987047,84269579,general,가스프규,재질 좋고 여름에 입기좋을거같아요 남자분들 추천합니다,5.0,False,블랙 · XL,177.0,77.0,남성,2026-05-08 03:25:47,사이즈: 정사이즈 / 화면 대비 색감: 화면과 비슷 / 두께감: 적당함 / 신축성: 적당함,False,0,jemut,상의,XL,블랙,2026,5,8,금,5,응답,정사이즈,화면과 비슷,,,적당함,적당함,,3.0,3.0,,0.0,0.0,0.0,0.0
4987047,84263603,style,wldhksl,적당히 크롭해서 너무 예쁘고 너무 두껍지도 얇지도 않아서 좋았습니다. 비치지도 않고 어디에나 편하게 입기 좋은 기본티인 것 같습니다.,5.0,False,그레이 · L,175.0,65.0,남성,2026-05-07 22:40:05,사이즈: 정사이즈 / 화면 대비 색감: 화면과 비슷 / 두께감: 적당함 / 신축성: 적당함,True,0,jemut,상의,L,그레이,2026,5,7,목,5,응답,정사이즈,화면과 비슷,,,적당함,적당함,,3.0,3.0,,0.0,0.0,0.0,0.0
4987047,84263579,general,wldhksl,적당히 크롭해서 너무 예쁘고 너무 두껍지도 얇지도 않아서 좋았습니다. 비치지도 않고 어디에나 편하게 입기 좋은 기본티인 것 같습니다.,5.0,False,그레이 · L,175.0,65.0,남성,2026-05-07 22:39:32,사이즈: 정사이즈 / 화면 대비 색감: 화면과 비슷 / 두께감: 적당함 / 신축성: 적당함,True,0,jemut,상의,L,그레이,2026,5,7,목,5,응답,정사이즈,화면과 비슷,,,적당함,적당함,,3.0,3.0,,0.0,0.0,0.0,0.0
4987047,84263559,style,wldhksl,적당히 크롭해서 너무 예쁘고 너무 두껍지도 얇지도 않아서 좋았습니다. 비치지도 않고 어디에나 편하게 입기 좋은 기본티인 것 같습니다.,5.0,False,블랙 · L,175.0,65.0,남성,2026-05-07 22:39:07,사이즈: 정사이즈 / 화면 대비 색감: 화면과 비슷 / 두께감: 적당함 / 신축성: 적당함,True,0,jemut,상의,L,블랙,2026,5,7,목,5,응답,정사이즈,화면과 비슷,,,적당함,적당함,,3.0,3.0,,0.0,0.0,0.0,0.0
4987047,84263252,general,wldhksl,적당히 크롭해서 너무 예쁘고 너무 두껍지도 얇지도 않아서 좋았습니다. 비치지도 않고 어디에나 편하게 입기 좋은 기본티인 것 같습니다.,5.0,False,블랙 · L,175.0,65.0,남성,2026-05-07 22:31:17,사이즈: 정사이즈 / 화면 대비 색감: 화면과 비슷 / 두께감: 적당함 / 신축성: 적당함,True,0,jemut,상의,L,블랙,2026,5,7,목,5,응답,정사이즈,화면과 비슷,,,적당함,적당함,,3.0,3.0,,0.0,0.0,0.0,0.0
4987047,84260110,general,양감튀,너무 짧지 않아서 좋아요 팔이 좀 길긴 하지만 핏이 이뻐요,5.0,False,다크브라운 · L,167.0,66.0,남성,2026-05-07 21:13:49,사이즈: 정사이즈 / 화면 대비 색감: 화면과 비슷 / 두께감: 적당함 / 신축성: 적당함,True,0,jemut,상의,L,다크브라운,2026,5,7,목,5,응답,정사이즈,화면과 비슷,,,적당함,적당함,,3.0,3.0,,0.0,0.0,0.0,0.0
4987047,84259299,general,닉네임할거없닭,딱 원하던 핏이고 저렴하게 좋은옷 구매해서 좋아요~,5.0,False,블랙 · 2XL,175.0,90.0,남성,2026-05-07 20:51:57,사이즈: 조금 큼 / 화면 대비 색감: 화면과 비슷 / 두께감: 적당함 / 신축성: 적당함,True,0,jemut,상의,2XL,블랙,2026,5,7,목,5,응답,조금 큼,화면과 비슷,,,적당함,적당함,,3.0,3.0,,1.0,1.0,0.0,0.0
4987047,84255658,general,무식,전체적으로 무난하게 입고 다닐 수 있는 티셔츠네요. 자주 애용할게요.,5.0,False,블랙 · L,175.0,60.0,남성,2026-05-07 19:16:59,사이즈: 조금 큼 / 화면 대비 색감: 화면과 비슷 / 두께감: 적당함 / 신축성: 적당함,True,0,jemut,상의,L,블랙,2026,5,7,목,5,응답,조금 큼,화면과 비슷,,,적당함,적당함,,3.0,3.0,,1.0,1.0,0.0,0.0
4987047,84252960,general,웃종,일단 짧은기장이라 좋아요 딱맞아요 최고에요 굿굿,5.0,False,화이트 · 2XL,173.0,87.0,남성,2026-05-07 17:55:44,사이즈: 정사이즈 / 화면 대비 색감: 화면과 비슷 / 두께감: 적당함 / 신축성: 적당함,False,0,jemut,상의,2XL,화이트,2026,5,7,목,5,응답,정사이즈,화면과 비슷,,,적당함,적당함,,3.0,3.0,,0.0,0.0,0.0,0.0
﻿4987046,84267527,general,7amr0n_2,그냥 딱 상품 설명한대로 정확하고 좋은거 같습니다,5.0,False,그레이 · M,174.0,70.0,남성,2026-05-08 00:32:14,사이즈: 정사이즈 / 화면 대비 색감: 화면과 비슷 / 두께감: 적당함 / 신축성: 적당함,False,0,jemut,상의,M,그레이,2026,5,8,금,5,응답,정사이즈,화면과 비슷,,,적당함,적당함,,3.0,3.0,,0.0,0.0,0.0,0.0
﻿5424586,84264706,general,활발한니스반폴라,배송 5월 4일 저녁 주문 후 7일에 배송받음 색상 화면과 비슷. 질감좋고 천 두께도 적당함. 마감도 깔끔.옷 스타일 이쁨,5.0,False,그레이 · M,172.0,55.0,남성,2026-05-07 23:05:33,사이즈: 정사이즈 / 화면 대비 색감: 화면과 비슷 / 두께감: 적당함 / 퀄리티: 매우 좋음,True,0,jemut,상의,M,그레이,2026,5,7,목,5,응답,정사이즈,화면과 비슷,매우 좋음,,적당함,,5.0,,3.0,,0.0,0.0,0.0,0.0
﻿6175818,84252995,general,웃종,휘뚜루마뚜루 잘입을거같아요 감사합니다 잘입을께요,5.0,False,그레이 · 2XL,173.0,87.0,남성,2026-05-07 17:56:38,사이즈: 정사이즈 / 화면 대비 색감: 화면과 비슷 / 두께감: 적당함 / 신축성: 적당함,False,0,jemut,상의,2XL,그레이,2026,5,7,목,5,응답,정사이즈,화면과 비슷,,,적당함,적당함,,3.0,3.0,,0.0,0.0,0.0,0.0
﻿3551175,84259397,style,상큼한피치색패션,색감도 좋고 재질도 탄탄하니 좋아여 근데 제가 체구가 커서 오버핏 같지 않긴하지만 례뼈영,5.0,False,그레이 · M,160.0,72.0,여성,2026-05-07 20:54:59,사이즈: 조금 작음 / 화면 대비 색감: 화면과 비슷 / 두께감: 두꺼움 / 퀄리티: 좋음,True,0,jemut,아우터,M,그레이,2026,5,7,목,5,응답,조금 작음,화면과 비슷,좋음,,두꺼움,,4.0,,4.0,,-1.0,1.0,0.0,0.0
3551175,84259354,general,상큼한피치색패션,제가 체구가 커서 좀 오버핏 같지 않긴 하지만 재질도 약간 탄탄해서 좋아여 다음에는 좀더 큰 사이즈로 사볼려고영,5.0,False,그레이 · M,160.0,72.0,여성,2026-05-07 20:53:36,사이즈: 조금 작음 / 화면 대비 색감: 화면과 비슷 / 두께감: 두꺼움 / 퀄리티: 좋음,True,0,jemut,아우터,M,그레이,2026,5,7,목,5,응답,조금 작음,화면과 비슷,좋음,,두꺼움,,4.0,,4.0,,-1.0,1.0,0.0,0.0
﻿2101661,84262685,general,데이빗간지,찾았던 핏이고 원단 좋아서 오래 입을 수 있을거 같아요.,5.0,False,블랙 · M,172.0,68.0,남성,2026-05-07 22:16:04,사이즈: 정사이즈 / 화면 대비 색감: 화면과 비슷 / 퀄리티: 매우 좋음 / 신축성: 강함,False,0,jemut,하의,M,블랙,2026,5,7,목,5,응답,정사이즈,화면과 비슷,매우 좋음,,,강함,5.0,4.0,,,0.0,0.0,0.0,0.0
2101661,84262638,style,데이빗간지,제가 찾던 핏인데 원단도 고급진거 같아요. 만족하고 다른 색상도 구매할 예정입니다.,5.0,False,블랙 · M,172.0,68.0,남성,2026-05-07 22:15:03,사이즈: 정사이즈 / 화면 대비 색감: 화면과 비슷 / 퀄리티: 매우 좋음 / 신축성: 강함,True,0,jemut,하의,M,블랙,2026,5,7,목,5,응답,정사이즈,화면과 비슷,매우 좋음,,,강함,5.0,4.0,,,0.0,0.0,0.0,0.0
﻿6071161,84254141,general,민태민태,별 기대 안 하고 샀는데 핏이랑 색이 너무 만족했습니다,5.0,False,퍼플네이비 · 30,168.0,62.0,남성,2026-05-07 18:31:52,사이즈: 정사이즈 / 화면 대비 색감: 화면과 비슷 / 퀄리티: 보통 / 신축성: 적당함,False,0,jemut,하의,30,퍼플네이비,2026,5,7,목,5,응답,정사이즈,화면과 비슷,보통,,,적당함,3.0,3.0,,,0.0,0.0,0.0,0.0
﻿1884943,84267895,style,다양한체코스니커,매우매우 이쁘고 다른 옷과 스타일링하기 딱 좋습니다.,5.0,False,SMALL,165.0,53.0,남성,2026-05-08 00:49:39,사이즈: 정사이즈 / 화면 대비 색감: 화면과 비슷 / 두께감: 적당함 / 신축성: 적당함,True,0,travel,상의,SMALL,,2026,5,8,금,5,응답,정사이즈,화면과 비슷,,,적당함,적당함,,3.0,3.0,,0.0,0.0,0.0,0.0
1884943,84267880,general,다양한체코스니커,매우매우 이쁘고 다른 옷과 스타일링하기 딱 좋습니다.,5.0,False,SMALL,165.0,53.0,남성,2026-05-08 00:49:04,사이즈: 정사이즈 / 화면 대비 색감: 화면과 비슷 / 두께감: 적당함 / 신축성: 적당함,True,0,travel,상의,SMALL,,2026,5,8,금,5,응답,정사이즈,화면과 비슷,,,적당함,적당함,,3.0,3.0,,0.0,0.0,0.0,0.0
1884943,84259300,general,킵고잉허기짐,소재두께감이 적당해서 여름도 잘 입을거같아요,5.0,False,LARGE,182.0,79.0,남성,2026-05-07 20:52:00,사이즈: 조금 큼 / 화면 대비 색감: 어두움 / 두께감: 두꺼움 / 신축성: 적당함,False,0,travel,상의,LARGE,,2026,5,7,목,5,응답,조금 큼,어두움,,,두꺼움,적당함,,3.0,4.0,,1.0,1.0,-1.0,1.0
﻿1899755,84265807,general,탁월한주황에코퍼,크림색상이지만 더 노란 느낌이네요. 탄탄한 면재질은 아니라 애매합니다. 오버핏이라 큰 느낌입니다. 앞면의 로고가 그린색상이라 좋습니다.,3.0,False,MEDIUM,175.0,68.0,남성,2026-05-07 23:36:44,사이즈: 조금 큼 / 화면 대비 색감: 밝음 / 두께감: 얇음 / 신축성: 적당함,True,0,travel,상의,MEDIUM,,2026,5,7,목,3,응답,조금 큼,밝음,,,얇음,적당함,,3.0,2.0,,1.0,1.0,1.0,1.0
1899755,84264396,general,으흥이1,여자친구랑 커플로 사입엇는데 둘다 좋아해서 마음에들어요,5.0,False,MEDIUM,174.0,80.0,남성,2026-05-07 22:57:49,사이즈: 정사이즈 / 화면 대비 색감: 화면과 비슷 / 두께감: 적당함 / 신축성: 적당함,True,0,travel,상의,MEDIUM,,2026,5,7,목,5,응답,정사이즈,화면과 비슷,,,적당함,적당함,,3.0,3.0,,0.0,0.0,0.0,0.0
1899755,84264363,general,으흥이1,트레블 반팔은 저렴한 가격에 잘 이용하고잇어요,5.0,False,MEDIUM,174.0,80.0,남성,2026-05-07 22:57:15,사이즈: 정사이즈 / 화면 대비 색감: 화면과 비슷 / 두께감: 적당함 / 신축성: 적당함,True,0,travel,상의,MEDIUM,,2026,5,7,목,5,응답,정사이즈,화면과 비슷,,,적당함,적당함,,3.0,3.0,,0.0,0.0,0.0,0.0
﻿3047767,84268745,style,호이안바게트백,"목이 굉장히 타이트하고 쫀쫀함, 세탁 5회 이상 목 늘어남 전혀 없음",5.0,False,MEDIUM,170.0,68.0,남성,2026-05-08 01:38:36,사이즈: 정사이즈 / 화면 대비 색감: 화면과 비슷 / 두께감: 적당함 / 신축성: 적당함,True,0,travel,상의,MEDIUM,,2026,5,8,금,5,응답,정사이즈,화면과 비슷,,,적당함,적당함,,3.0,3.0,,0.0,0.0,0.0,0.0
﻿3399787,84256101,general,정정무무경경,딱 가성비 좋고 무난무난한 롱슬리브인거 같네요 두께는 딱 봄에 입으면 좋을거 같아요,5.0,False,LARGE,173.0,71.0,남성,2026-05-07 19:29:25,사이즈: 정사이즈 / 화면 대비 색감: 화면과 비슷 / 두께감: 적당함 / 신축성: 적당함,True,0,travel,상의,LARGE,,2026,5,7,목,5,응답,정사이즈,화면과 비슷,,,적당함,적당함,,3.0,3.0,,0.0,0.0,0.0,0.0
﻿3132774,84265734,general,탁월한주황에코퍼,탄탄한 느낌의 재질은 아닙니다. 아직 세탁전이라 목늘어남은 없을지 의문이네요. 색감도 어두운 느낌이라... 생각보다 그다지....,3.0,False,MEDIUM,162.0,60.0,여성,2026-05-07 23:34:38,사이즈: 조금 작음 / 화면 대비 색감: 매우 어두움 / 두께감: 얇음 / 신축성: 적당함,True,0,travel,상의,MEDIUM,,2026,5,7,목,3,응답,조금 작음,매우 어두움,,,얇음,적당함,,3.0,2.0,,-1.0,1.0,-2.0,2.0
3132774,84256815,general,주말엔남산골지,물 빠짐과 이염 주의하세용 그거 빼면 아주 굿임 굿,5.0,False,MEDIUM,156.0,52.0,여성,2026-05-07 19:49:11,사이즈: 조금 큼 / 화면 대비 색감: 화면과 비슷 / 두께감: 적당함 / 신축성: 적당함,False,0,travel,상의,MEDIUM,,2026,5,7,목,5,응답,조금 큼,화면과 비슷,,,적당함,적당함,,3.0,3.0,,1.0,1.0,0.0,0.0
﻿4946729,84261985,general,강상훈.,너무 잘 샀다고 생각해요! 다음에 또 구매 하려고 합니다! 감사합니다~,5.0,False,MEDIUM,180.0,105.0,남성,2026-05-07 21:58:54,사이즈: 정사이즈 / 화면 대비 색감: 화면과 비슷 / 두께감: 적당함 / 신축성: 적당함,False,0,travel,상의,MEDIUM,,2026,5,7,목,5,응답,정사이즈,화면과 비슷,,,적당함,적당함,,3.0,3.0,,0.0,0.0,0.0,0.0
﻿6083635,84266171,experience,DD-0X,피그먼트 워싱이라서 원단이 탄탄해서 옷 핏 잘 잡아줘서 좋았어요. 그리고 원단이 너무 얇지도 두껍지도 않아 한여름에 단독으로 착용해도 부담없이 잘 입고 다닐 수 있을거 같아요. 넥라인도 마감이 좋아서 잘 안늘어나게 처리되어 있더라구요. 그래서 세탁 걱정도 줄어든거 같아요. 이처럼 넥라인 마감이 좋으면 목이 잘 안늘어나니 오래오래 예쁘게 잘 입을 수도 있을거 같아서 이 티 한장으로 브렌드의 신용과 꼼꼼함까지 신용할 수 있겠더라고요. 또 색감도 빈티지하면서 디자인도 요즘 트렌드와 잘 맞아서 좋았습니다~!,5.0,True,S,168.0,53.0,남성,2026-05-07 23:46:32,사이즈: 정사이즈 / 화면 대비 색감: 화면과 비슷 / 두께감: 적당함 / 신축성: 적당함,True,0,travel,상의,S,,2026,5,7,목,5,응답,정사이즈,화면과 비슷,,,적당함,적당함,,3.0,3.0,,0.0,0.0,0.0,0.0
﻿6219047,84263150,general,경남부스케츠,앞면에 프린팅이 예쁘고 입체적이라서 입기도 좋고 또 무엇보다 예뻐요,4.0,False,L,182.0,81.0,남성,2026-05-07 22:27:53,사이즈: 정사이즈 / 화면 대비 색감: 화면과 비슷 / 두께감: 얇음 / 신축성: 적당함,False,0,travel,상의,L,,2026,5,7,목,4,응답,정사이즈,화면과 비슷,,,얇음,적당함,,3.0,2.0,,0.0,0.0,0.0,0.0
﻿5960684,84264106,general,ugz,시원하고 소재가 매우 부드러워용 여름동안 잘 입을거 같아요,5.0,False,M,171.0,70.0,남성,2026-05-07 22:51:44,사이즈: 정사이즈 / 화면 대비 색감: 화면과 비슷 / 퀄리티: 보통 / 구김: 약간 있음,False,0,travel,상의,M,,2026,5,7,목,5,응답,정사이즈,화면과 비슷,보통,약간 있음,,,3.0,,,3.0,0.0,0.0,0.0,0.0
﻿1817381,84260344,style,아져미,넉넉한 사이즈고 아웃도어 활동할 때 딱이에여 휘뚜루마뚜루~~~,5.0,False,SMALL,160.0,58.0,여성,2026-05-07 21:19:12,사이즈: 조금 큼 / 화면 대비 색감: 화면과 비슷 / 퀄리티: 매우 좋음 / 두께감: 얇음,True,0,travel,아우터,SMALL,,2026,5,7,목,5,응답,조금 큼,화면과 비슷,매우 좋음,,얇음,,5.0,,2.0,,1.0,1.0,0.0,0.0
1817381,84255131,general,상큼한피렌체코지,가격 대비 재질 너무 훌륭해요 색감도 좋고 하나 더 담으러갑니다,5.0,False,SMALL,168.0,63.0,여성,2026-05-07 19:01:44,사이즈: 정사이즈 / 화면 대비 색감: 화면과 비슷 / 퀄리티: 보통 / 두께감: 적당함,True,0,travel,아우터,SMALL,,2026,5,7,목,5,응답,정사이즈,화면과 비슷,보통,,적당함,,3.0,,3.0,,0.0,0.0,0.0,0.0
﻿4280527,84257700,style,의리있는블랙샘플,오버핏으로 넉넉하게 입을 수 있어서 좋아요 M사서 더 좋은거같아요,5.0,False,MEDIUM,162.0,45.0,여성,2026-05-07 20:15:40,사이즈: 조금 큼 / 화면 대비 색감: 화면과 비슷 / 퀄리티: 좋음 / 두께감: 적당함,True,0,travel,아우터,MEDIUM,,2026,5,7,목,5,응답,조금 큼,화면과 비슷,좋음,,적당함,,4.0,,3.0,,1.0,1.0,0.0,0.0
﻿4280525,84254836,general,우준명,기대한 그대로 정말 마음에 듭니다. 재구매 의사 있어요 강츄합니다.,5.0,False,MEDIUM,163.0,53.0,남성,2026-05-07 18:52:01,사이즈: 정사이즈 / 화면 대비 색감: 화면과 비슷 / 퀄리티: 보통 / 두께감: 적당함,False,0,travel,아우터,MEDIUM,,2026,5,7,목,5,응답,정사이즈,화면과 비슷,보통,,적당함,,3.0,,3.0,,0.0,0.0,0.0,0.0
﻿2786732,84267228,style,윸왜한윤,스티치가 예뻐요  휘뚤 마뚤 데일리템으로 좋습니다,5.0,False,SMALL,158.0,48.0,여성,2026-05-08 00:23:23,사이즈: 정사이즈 / 화면 대비 색감: 화면과 비슷 / 퀄리티: 보통 / 신축성: 적당함,True,0,travel,하의,SMALL,,2026,5,8,금,5,응답,정사이즈,화면과 비슷,보통,,,적당함,3.0,3.0,,,0.0,0.0,0.0,0.0
﻿4756930,84261035,general,웃상인덕수궁엣지,"가볍고 통기성 좋은 소재라 운동할 때는 물론 일상복으로도 정말 편안합니다. 옆면에 들어간 세 줄 라인 덕분에 다리가 더 길어 보이고, 블랙 컬러에 화이트 로고 포인트가 깔끔해서 유행 타지 않고 오래 입을 수 있을 것 같아요. 허리 밴딩도 짱짱하고 핏이 넉넉해서 활동량이 많은 날에도 부담 없이 착용하기 좋습니다!",5.0,False,SMALL,153.0,40.0,여성,2026-05-07 21:35:17,사이즈: 정사이즈 / 화면 대비 색감: 화면과 비슷 / 퀄리티: 보통 / 신축성: 적당함,True,0,travel,하의,SMALL,,2026,5,7,목,5,응답,정사이즈,화면과 비슷,보통,,,적당함,3.0,3.0,,,0.0,0.0,0.0,0.0
