goodsNo,리뷰번호,리뷰타입,작성자,리뷰내용,평점,체험단,구매옵션,키,몸무게,성별,작성일,만족도,사진유무,도움돼요,브랜드,카테고리,구매사이즈,구매상세,연도,월,일,요일,평점_raw,만족도_응답여부,사이즈,화면대비색감,퀄리티,구김,두께감,신축성,퀄리티_점수,신축성_점수,두께감_점수,구김_점수,사이즈_편차,사이즈_편차절대,화면대비색감_편차,화면대비색감_편차절대,리뷰내용_clean,리뷰내용_norm,laugh_count,cry_count,exclamation_count,question_count,emoji_count,has_repetition,text_length_orig,한글_글자수,전체_글자수,is_valid_for_topic,작성자_norm,옵션키,세션,long_gap_review,그룹크기,action,dup_flag,is_base,kept_id
6140944,84251324,general,exceed97,감이 니트같고 신기해요 한여름엔 살짝 더울수도?,5.0,False,MELANGE GREY · M,176.0,66.0,남성,2026-05-07 16:54:47,사이즈: 정사이즈 / 화면 대비 색감: 화면과 비슷 / 두께감: 두꺼움 / 신축성: 강함,True,0,filluminate,상의,M,MELANGE GREY,2026,5,7,목,5,응답,정사이즈,화면과 비슷,,,두꺼움,강함,,4.0,4.0,,0.0,0.0,0.0,0.0,감이 니트같고 신기해요 한여름엔 살짝 더울수도?,감이니트같고신기해요한여름엔살짝더울수도,0,0,0,1,0,False,26,20,26,True,exceed97,"('M', 'MELANGE GREY')",0,False,2,keep,multi_type_unique,True,84251324
6140944,84251339,style,exceed97,휘뚜루마뚜루 입기 좋은 스타일 좋아요 감도 두툼하고 신축성있는 니트느낌,5.0,False,MELANGE GREY · M,176.0,66.0,남성,2026-05-07 16:55:33,사이즈: 조금 큼 / 화면 대비 색감: 화면과 비슷 / 두께감: 두꺼움 / 신축성: 강함,True,0,filluminate,상의,M,MELANGE GREY,2026,5,7,목,5,응답,조금 큼,화면과 비슷,,,두꺼움,강함,,4.0,4.0,,1.0,1.0,0.0,0.0,휘뚜루마뚜루 입기 좋은 스타일 좋아요 감도 두툼하고 신축성있는 니트느낌,휘뚜루마뚜루입기좋은스타일좋아요감도두툼하고신축성있는니트느낌,0,0,0,0,0,False,39,31,39,True,exceed97,"('M', 'MELANGE GREY')",0,False,2,keep,multi_type_unique,True,84251339
6322651,84251507,experience,깊은맨하탄비즈,"핏이 자연스럽게 떨어지는 오버핏이라 편하게 입기 좋았습니다. 아이보리 컬러라 부담 없이 여기저기 코디하기 쉬웠고, 후면 스프레이 프린팅도 과하지 않게 포인트 돼서 예뻤어요.  원단도 코튼 100%라 부드러운 느낌이었고, 얇은 편이라 요즘 날씨에 단독으로 입기 괜찮았습니다. 특히 실루엣이 깔끔해서 와이드 팬츠나 데님이랑 같이 매치하기 좋았어요.  평소 오버핏 좋아하는 편인데 원하는 느낌으로 잘 나왔고, 프린팅 있는 반팔 찾는 분들한테 추천할 만한 제품 같습니다. 전체적으로 너무 만족스러운 제품인 것 같습니다.",5.0,True,M,179.0,70.0,남성,2026-05-07 17:03:24,사이즈: 정사이즈 / 화면 대비 색감: 화면과 비슷 / 두께감: 적당함 / 신축성: 적당함,True,0,filluminate,상의,M,,2026,5,7,목,5,응답,정사이즈,화면과 비슷,,,적당함,적당함,,3.0,3.0,,0.0,0.0,0.0,0.0,"핏이 자연스럽게 떨어지는 오버핏이라 편하게 입기 좋았습니다. 아이보리 컬러라 부담 없이 여기저기 코디하기 쉬웠고, 후면 스프레이 프린팅도 과하지 않게 포인트 돼서 예뻤어요. 원단도 코튼 100%라 부드러운 느낌이었고, 얇은 편이라 요즘 날씨에 단독으로 입기 괜찮았습니다. 특히 실루엣이 깔끔해서 와이드 팬츠나 데님이랑 같이 매치하기 좋았어요. 평소 오버핏 좋아하는 편인데 원하는 느낌으로 잘 나왔고, 프린팅 있는 반팔 찾는 분들한테 추천할 만한 제품 같습니다. 전체적으로 너무 만족스러운 제품인 것 같습니다.",핏이자연스럽게떨어지는오버핏이라편하게입기좋았습니다아이보리컬러라부담없이여기저기코디하기쉬웠고후면스프레이프린팅도과하지않게포인트돼서예뻤어요원단도코튼100라부드러운느낌이었고얇은편이라요즘날씨에단독으로입기괜찮았습니다특히실루엣이깔끔해서와이드팬츠나데님이랑같이매치하기좋았어요평소오버핏좋아하는편인데원하는느낌으로잘나왔고프린팅있는반팔찾는분들한테추천할만한제품같습니다전체적으로너무만족스러운제품인것같습니다,0,0,0,0,0,False,286,206,284,True,깊은맨하탄비즈,"('M', None)",0,False,1,keep,unique,True,84251507
6322655,84251533,experience,활기찬신사아이참,"키 159cm, 몸무게 45kg인 제 체형 기준으로 S 사이즈가 정말 예쁜 세미 오버핏으로 떨어져요. 너무 크지도, 작지도 않게 엉덩이를 살짝 덮는 기장이라 활동하기 편하면서도 여리여리해 보이는 실루엣을 만들어줍니다. 어깨 라인도 자연스럽게 내려와 있어 체구가 작으신 분들도 부담 없이 착용하기 좋을 것 같아요. 블랙 컬러라 자칫 평범할 수 있는데, 전면의 스프레이 그래픽이 확실한 포인트가 됩니다. 프린팅 퀄리티가 탄탄해서 세탁 후에도 쉽게 갈라지거나 변형될 걱정은 없을 것 같아요. 스트릿한 무드부터 캐주얼한 데일리룩까지 어디에나 매치하기 좋은 디자인입니다. 목 부분 시보리도 짱짱하게 처리되어 있어 늘어남 걱정 없이 오래 입을 수 있을 것 같네요. 심플한 블랙 티셔츠에 유니크한 그래픽 한 방울을 더하고 싶은 분들께 강력 추천합니다! 데님이나 와이드 팬츠, 반바지 어디에 매치해도 스타일리시한 느낌을 줄 수 있어 올여름 교복 템이 될 것 같아요. 만족스러운 체험이었습니다.",5.0,True,S,159.0,45.0,여성,2026-05-07 17:04:35,사이즈: 조금 큼 / 화면 대비 색감: 화면과 비슷 / 두께감: 적당함 / 신축성: 적당함,True,0,filluminate,상의,S,,2026,5,7,목,5,응답,조금 큼,화면과 비슷,,,적당함,적당함,,3.0,3.0,,1.0,1.0,0.0,0.0,"키 159cm, 몸무게 45kg인 제 체형 기준으로 S 사이즈가 정말 예쁜 세미 오버핏으로 떨어져요. 너무 크지도, 작지도 않게 엉덩이를 살짝 덮는 기장이라 활동하기 편하면서도 여리여리해 보이는 실루엣을 만들어줍니다. 어깨 라인도 자연스럽게 내려와 있어 체구가 작으신 분들도 부담 없이 착용하기 좋을 것 같아요. 블랙 컬러라 자칫 평범할 수 있는데, 전면의 스프레이 그래픽이 확실한 포인트가 됩니다. 프린팅 퀄리티가 탄탄해서 세탁 후에도 쉽게 갈라지거나 변형될 걱정은 없을 것 같아요. 스트릿한 무드부터 캐주얼한 데일리룩까지 어디에나 매치하기 좋은 디자인입니다. 목 부분 시보리도 짱짱하게 처리되어 있어 늘어남 걱정 없이 오래 입을 수 있을 것 같네요. 심플한 블랙 티셔츠에 유니크한 그래픽 한 방울을 더하고 싶은 분들께 강력 추천합니다! 데님이나 와이드 팬츠, 반바지 어디에 매치해도 스타일리시한 느낌을 줄 수 있어 올여름 교복 템이 될 것 같아요. 만족스러운 체험이었습니다.",키159cm몸무게45kg인제체형기준으로s사이즈가정말예쁜세미오버핏으로떨어져요너무크지도작지도않게엉덩이를살짝덮는기장이라활동하기편하면서도여리여리해보이는실루엣을만들어줍니다어깨라인도자연스럽게내려와있어체구가작으신분들도부담없이착용하기좋을것같아요블랙컬러라자칫평범할수있는데전면의스프레이그래픽이확실한포인트가됩니다프린팅퀄리티가탄탄해서세탁후에도쉽게갈라지거나변형될걱정은없을것같아요스트릿한무드부터캐주얼한데일리룩까지어디에나매치하기좋은디자인입니다목부분시보리도짱짱하게처리되어있어늘어남걱정없이오래입을수있을것같네요심플한블랙티셔츠에유니크한그래픽한방울을더하고싶은분들께강력추천합니다데님이나와이드팬츠반바지어디에매치해도스타일리시한느낌을줄수있어올여름교복템이될것같아요만족스러운체험이었습니다,0,0,1,0,0,False,491,348,491,True,활기찬신사아이참,"('S', None)",0,False,1,keep,unique,True,84251533
3791891,84251994,general,brazil,사이즈도 넉넉하고 레이어드나 여러모로 쓸모가 많아보여요,5.0,False,L,170.0,80.0,남성,2026-05-07 17:22:02,사이즈: 정사이즈 / 화면 대비 색감: 화면과 비슷 / 퀄리티: 보통 / 구김: 약간 있음,True,0,filluminate,상의,L,,2026,5,7,목,5,응답,정사이즈,화면과 비슷,보통,약간 있음,,,3.0,,,3.0,0.0,0.0,0.0,0.0,사이즈도 넉넉하고 레이어드나 여러모로 쓸모가 많아보여요,사이즈도넉넉하고레이어드나여러모로쓸모가많아보여요,0,0,0,0,0,False,30,25,30,True,brazil,"('L', None)",0,False,1,keep,unique,True,84251994
6322922,84252068,experience,밝은오치드의상,통통하신 분들은 허리쪽 밴딩이 신축성이 아예 없어서 허리쪽 사이즈가 좀 딱 맞을거 같아요 저는 입었는데 허리쪽이 너무 딱 맞아서 좀 작았는데 170/60kg대가 입으면 좀 크고 딱 좋은 핏인거 같아요 어머니 드렸는데 매우 마음에 드셔해요 옷 재질은 좀 많이 얇고  겨울에는 못 입을거같긴한데 여름에 입기 딱 좋은거 같아요 색깔은 좀 어두운 느낌이 있어요 제가 올린 사진이 실제 색과 똑같네용 주름이 많이 생기는 옷인데 그런거 어머니가 많이 신경 쓰시는데도 마음에 들어하시고 좋아하시네용.,5.0,True,L,172.0,68.0,여성,2026-05-07 17:24:23,사이즈: 정사이즈 / 화면 대비 색감: 어두움 / 퀄리티: 보통 / 신축성: 거의 없음,True,0,filluminate,하의,L,,2026,5,7,목,5,응답,정사이즈,어두움,보통,,,거의 없음,3.0,2.0,,,0.0,0.0,-1.0,1.0,통통하신 분들은 허리쪽 밴딩이 신축성이 아예 없어서 허리쪽 사이즈가 좀 딱 맞을거 같아요 저는 입었는데 허리쪽이 너무 딱 맞아서 좀 작았는데 170/60kg대가 입으면 좀 크고 딱 좋은 핏인거 같아요 어머니 드렸는데 매우 마음에 드셔해요 옷 재질은 좀 많이 얇고 겨울에는 못 입을거같긴한데 여름에 입기 딱 좋은거 같아요 색깔은 좀 어두운 느낌이 있어요 제가 올린 사진이 실제 색과 똑같네용 주름이 많이 생기는 옷인데 그런거 어머니가 많이 신경 쓰시는데도 마음에 들어하시고 좋아하시네용.,통통하신분들은허리쪽밴딩이신축성이아예없어서허리쪽사이즈가좀딱맞을거같아요저는입었는데허리쪽이너무딱맞아서좀작았는데17060kg대가입으면좀크고딱좋은핏인거같아요어머니드렸는데매우마음에드셔해요옷재질은좀많이얇고겨울에는못입을거같긴한데여름에입기딱좋은거같아요색깔은좀어두운느낌이있어요제가올린사진이실제색과똑같네용주름이많이생기는옷인데그런거어머니가많이신경쓰시는데도마음에들어하시고좋아하시네용,0,0,0,0,0,False,272,193,271,True,밝은오치드의상,"('L', None)",0,False,1,keep,unique,True,84252068
﻿5797781,84252102,general,작은독일코지,일단 배송이 빨라서 좋았고 s도 많이 커요 옷이 너무너누 이뻐요,5.0,False,BLACK · S,160.0,55.0,여성,2026-05-07 17:25:37,사이즈: 조금 큼 / 화면 대비 색감: 화면과 비슷 / 두께감: 얇음 / 퀄리티: 보통,False,0,filluminate,아우터,S,BLACK,2026,5,7,목,5,응답,조금 큼,화면과 비슷,보통,,얇음,,3.0,,2.0,,1.0,1.0,0.0,0.0,일단 배송이 빨라서 좋았고 s도 많이 커요 옷이 너무너누 이뻐요,일단배송이빨라서좋았고s도많이커요옷이너무너누이뻐요,0,0,0,0,0,False,35,25,35,True,작은독일코지,"('S', 'BLACK')",0,False,1,keep,unique,True,84252102
4969807,84252660,general,차분한LA댄디룩,택배가 많이 구겨져서 와서 걱정했는데 ㅎㅎ 매우 만족 . 살이 많이쪄서 바지 32는 조금 불편하고 34는 괜찮은 33의 어느 경계선인데..ㅎㅎ 후기 다 읽어보고 M 사이즈로 모험을 했지만 성공 ㅎ 사이즈는 괜찮아요!   완전한 와이드핏으로 입으실 분들이나 34 입으시는 분들 부터는 필히 L 사이드 주문 하시길! 색상 재질 기장 모두 다 매우 만족합니다! b,5.0,False,BLACK · M,170.0,75.0,남성,2026-05-07 17:47:09,사이즈: 정사이즈 / 화면 대비 색감: 화면과 비슷 / 퀄리티: 매우 좋음 / 신축성: 거의 없음,True,0,filluminate,하의,M,BLACK,2026,5,7,목,5,응답,정사이즈,화면과 비슷,매우 좋음,,,거의 없음,5.0,2.0,,,0.0,0.0,0.0,0.0,택배가 많이 구겨져서 와서 걱정했는데 ㅎㅎ 매우 만족 . 살이 많이쪄서 바지 32는 조금 불편하고 34는 괜찮은 33의 어느 경계선인데..ㅎㅎ 후기 다 읽어보고 M 사이즈로 모험을 했지만 성공 ㅎ 사이즈는 괜찮아요! 완전한 와이드핏으로 입으실 분들이나 34 입으시는 분들 부터는 필히 L 사이드 주문 하시길! 색상 재질 기장 모두 다 매우 만족합니다! b,택배가많이구겨져서와서걱정했는데매우만족살이많이쪄서바지32는조금불편하고34는괜찮은33의어느경계선인데후기다읽어보고m사이즈로모험을했지만성공사이즈는괜찮아요완전한와이드핏으로입으실분들이나34입으시는분들부터는필히l사이드주문하시길색상재질기장모두다매우만족합니다b,2,0,3,0,0,True,200,125,198,True,차분한LA댄디룩,"('M', 'BLACK')",0,False,1,keep,unique,True,84252660
﻿6140895,84252779,style,Siuu!!,딱 원하는 정도의 딥한 컬러감이 가장 만족스럽습니다 약간의 크링클이라 자연스러운 스타일링에 좋구요 앏은 소재감으로 한여름에도 가볍게 걸치기 좋겠네요 단추가 화이트인 건 완전 에러인거 같아서 블랙으로 바꿔달았네요,5.0,False,M,172.0,73.0,남성,2026-05-07 17:50:20,사이즈: 조금 큼 / 화면 대비 색감: 화면과 비슷 / 퀄리티: 보통 / 구김: 많음,True,0,filluminate,상의,M,,2026,5,7,목,5,응답,조금 큼,화면과 비슷,보통,많음,,,3.0,,,2.0,1.0,1.0,0.0,0.0,딱 원하는 정도의 딥한 컬러감이 가장 만족스럽습니다 약간의 크링클이라 자연스러운 스타일링에 좋구요 앏은 소재감으로 한여름에도 가볍게 걸치기 좋겠네요 단추가 화이트인 건 완전 에러인거 같아서 블랙으로 바꿔달았네요,딱원하는정도의딥한컬러감이가장만족스럽습니다약간의크링클이라자연스러운스타일링에좋구요앏은소재감으로한여름에도가볍게걸치기좋겠네요단추가화이트인건완전에러인거같아서블랙으로바꿔달았네요,0,0,0,0,0,False,117,92,117,True,Siuu!!,"('M', None)",0,False,1,keep,unique,True,84252779
4987047,84252960,general,웃종,일단 짧은기장이라 좋아요 딱맞아요 최고에요 굿굿,5.0,False,화이트 · 2XL,173.0,87.0,남성,2026-05-07 17:55:44,사이즈: 정사이즈 / 화면 대비 색감: 화면과 비슷 / 두께감: 적당함 / 신축성: 적당함,False,0,jemut,상의,2XL,화이트,2026,5,7,목,5,응답,정사이즈,화면과 비슷,,,적당함,적당함,,3.0,3.0,,0.0,0.0,0.0,0.0,일단 짧은기장이라 좋아요 딱맞아요 최고에요 굿굿,일단짧은기장이라좋아요딱맞아요최고에요굿굿,0,0,0,0,0,False,26,21,26,True,웃종,"('2XL', '화이트')",0,False,1,keep,unique,True,84252960
6140949,84252981,experience,신바람난파리패턴,저는 일주일에 운동을 4일 다니기때문에 편한 티셔츠를 필수로 갖고 있어야해요  특히 레깅스에 길이감이 많이 긴 티셔츠를 자주입는데 S사이즈도 충분히 엉덩이를 덮고 핏하지 않고 넉넉한 스타일이라 자주 입을 수 있을 것 같아요  로고도 촌스럽지 않고 가슴부분에 작게 튀지않은 색이라 자주 입을 수 있을것 같네요   완전 얇지않은 적당한 두께에 딱 엉덩이를 덮어주는 길이감  여자분들은 대부분 s사이즈 하시면 좋으실것 같네요  레이어드 하기에도 좋을것같고 넥라인도 답답하지않고 적당해요~ 세탁을 해보진 않았지만 크게 줄어들것같진않네요,5.0,True,S,161.0,50.0,여성,2026-05-07 17:56:12,사이즈: 조금 큼 / 화면 대비 색감: 화면과 비슷 / 두께감: 두꺼움 / 신축성: 적당함,True,0,filluminate,상의,S,,2026,5,7,목,5,응답,조금 큼,화면과 비슷,,,두꺼움,적당함,,3.0,4.0,,1.0,1.0,0.0,0.0,저는 일주일에 운동을 4일 다니기때문에 편한 티셔츠를 필수로 갖고 있어야해요 특히 레깅스에 길이감이 많이 긴 티셔츠를 자주입는데 S사이즈도 충분히 엉덩이를 덮고 핏하지 않고 넉넉한 스타일이라 자주 입을 수 있을 것 같아요 로고도 촌스럽지 않고 가슴부분에 작게 튀지않은 색이라 자주 입을 수 있을것 같네요 완전 얇지않은 적당한 두께에 딱 엉덩이를 덮어주는 길이감 여자분들은 대부분 s사이즈 하시면 좋으실것 같네요 레이어드 하기에도 좋을것같고 넥라인도 답답하지않고 적당해요~ 세탁을 해보진 않았지만 크게 줄어들것같진않네요,저는일주일에운동을4일다니기때문에편한티셔츠를필수로갖고있어야해요특히레깅스에길이감이많이긴티셔츠를자주입는데s사이즈도충분히엉덩이를덮고핏하지않고넉넉한스타일이라자주입을수있을것같아요로고도촌스럽지않고가슴부분에작게튀지않은색이라자주입을수있을것같네요완전얇지않은적당한두께에딱엉덩이를덮어주는길이감여자분들은대부분s사이즈하시면좋으실것같네요레이어드하기에도좋을것같고넥라인도답답하지않고적당해요세탁을해보진않았지만크게줄어들것같진않네요,0,0,0,0,0,True,295,218,289,True,신바람난파리패턴,"('S', None)",0,False,1,keep,unique,True,84252981
﻿6175818,84252995,general,웃종,휘뚜루마뚜루 잘입을거같아요 감사합니다 잘입을께요,5.0,False,그레이 · 2XL,173.0,87.0,남성,2026-05-07 17:56:38,사이즈: 정사이즈 / 화면 대비 색감: 화면과 비슷 / 두께감: 적당함 / 신축성: 적당함,False,0,jemut,상의,2XL,그레이,2026,5,7,목,5,응답,정사이즈,화면과 비슷,,,적당함,적당함,,3.0,3.0,,0.0,0.0,0.0,0.0,휘뚜루마뚜루 잘입을거같아요 감사합니다 잘입을께요,휘뚜루마뚜루잘입을거같아요감사합니다잘입을께요,0,0,0,0,0,False,26,23,26,True,웃종,"('2XL', '그레이')",0,False,1,keep,unique,True,84252995
6322928,84253266,general,dbapple,재질이 얇은데 흐늘거리지는 않아서 핏이 좋습니다 한여름에 잘 입을 것 같습니다 다른 색도 구매 예정입니다,5.0,False,L,183.0,68.0,남성,2026-05-07 18:04:30,사이즈: 정사이즈 / 화면 대비 색감: 화면과 비슷 / 퀄리티: 좋음 / 신축성: 적당함,True,0,filluminate,하의,L,,2026,5,7,목,5,응답,정사이즈,화면과 비슷,좋음,,,적당함,4.0,3.0,,,0.0,0.0,0.0,0.0,재질이 얇은데 흐늘거리지는 않아서 핏이 좋습니다 한여름에 잘 입을 것 같습니다 다른 색도 구매 예정입니다,재질이얇은데흐늘거리지는않아서핏이좋습니다한여름에잘입을것같습니다다른색도구매예정입니다,0,0,0,0,0,False,58,44,58,True,dbapple,"('L', None)",0,False,1,keep,unique,True,84253266
5911789,84253445,general,GUARD:,핏이랑 소재 너무 좋은것 같습니다 다들 사셔도 됩니다,5.0,False,CREAM · M,176.0,75.0,남성,2026-05-07 18:09:47,사이즈: 정사이즈 / 화면 대비 색감: 화면과 비슷 / 퀄리티: 보통 / 신축성: 적당함,True,0,filluminate,하의,M,CREAM,2026,5,7,목,5,응답,정사이즈,화면과 비슷,보통,,,적당함,3.0,3.0,,,0.0,0.0,0.0,0.0,핏이랑 소재 너무 좋은것 같습니다 다들 사셔도 됩니다,핏이랑소재너무좋은것같습니다다들사셔도됩니다,0,0,0,0,0,False,29,22,29,True,GUARD:,"('M', 'CREAM')",0,False,2,keep,multi_type_dup,True,84253445
﻿6071161,84254141,general,민태민태,별 기대 안 하고 샀는데 핏이랑 색이 너무 만족했습니다,5.0,False,퍼플네이비 · 30,168.0,62.0,남성,2026-05-07 18:31:52,사이즈: 정사이즈 / 화면 대비 색감: 화면과 비슷 / 퀄리티: 보통 / 신축성: 적당함,False,0,jemut,하의,30,퍼플네이비,2026,5,7,목,5,응답,정사이즈,화면과 비슷,보통,,,적당함,3.0,3.0,,,0.0,0.0,0.0,0.0,별 기대 안 하고 샀는데 핏이랑 색이 너무 만족했습니다,별기대안하고샀는데핏이랑색이너무만족했습니다,0,0,0,0,0,False,30,22,30,True,민태민태,"('30', '퍼플네이비')",0,False,1,keep,unique,True,84254141
6140799,84254733,general,산뜻한플럼컬렉션,가볍게 입고 다닐 셔츠가 필요해서 구매했는데 잘 입고 다닐 것 같아요. 후들후들 소재라서 시원하네요,5.0,False,F,166.0,58.0,여성,2026-05-07 18:49:18,사이즈: 정사이즈 / 화면 대비 색감: 화면과 비슷 / 퀄리티: 좋음 / 구김: 거의 없음,True,0,filluminate,상의,F,,2026,5,7,목,5,응답,정사이즈,화면과 비슷,좋음,거의 없음,,,4.0,,,4.0,0.0,0.0,0.0,0.0,가볍게 입고 다닐 셔츠가 필요해서 구매했는데 잘 입고 다닐 것 같아요. 후들후들 소재라서 시원하네요,가볍게입고다닐셔츠가필요해서구매했는데잘입고다닐것같아요후들후들소재라서시원하네요,0,0,0,0,0,False,55,41,55,True,산뜻한플럼컬렉션,"('F', None)",0,False,1,keep,unique,True,84254733
﻿6140799,84254765,style,산뜻한플럼컬렉션,가볍게 입고 다닐 것 같아요. 시원하고 부들부들해요,5.0,False,F,166.0,58.0,여성,2026-05-07 18:50:08,사이즈: 정사이즈 / 화면 대비 색감: 화면과 비슷 / 퀄리티: 좋음 / 구김: 거의 없음,True,0,filluminate,상의,F,,2026,5,7,목,5,응답,정사이즈,화면과 비슷,좋음,거의 없음,,,4.0,,,4.0,0.0,0.0,0.0,0.0,가볍게 입고 다닐 것 같아요. 시원하고 부들부들해요,가볍게입고다닐것같아요시원하고부들부들해요,0,0,0,0,0,False,28,21,28,True,산뜻한플럼컬렉션,"('F', None)",0,False,1,keep,unique,True,84254765
﻿4280525,84254836,general,우준명,기대한 그대로 정말 마음에 듭니다. 재구매 의사 있어요 강츄합니다.,5.0,False,MEDIUM,163.0,53.0,남성,2026-05-07 18:52:01,사이즈: 정사이즈 / 화면 대비 색감: 화면과 비슷 / 퀄리티: 보통 / 두께감: 적당함,False,0,travel,아우터,MEDIUM,,2026,5,7,목,5,응답,정사이즈,화면과 비슷,보통,,적당함,,3.0,,3.0,,0.0,0.0,0.0,0.0,기대한 그대로 정말 마음에 듭니다. 재구매 의사 있어요 강츄합니다.,기대한그대로정말마음에듭니다재구매의사있어요강츄합니다,0,0,0,0,0,False,37,27,37,True,우준명,"('MEDIUM', None)",0,False,1,keep,unique,True,84254836
1817381,84255131,general,상큼한피렌체코지,가격 대비 재질 너무 훌륭해요 색감도 좋고 하나 더 담으러갑니다,5.0,False,SMALL,168.0,63.0,여성,2026-05-07 19:01:44,사이즈: 정사이즈 / 화면 대비 색감: 화면과 비슷 / 퀄리티: 보통 / 두께감: 적당함,True,0,travel,아우터,SMALL,,2026,5,7,목,5,응답,정사이즈,화면과 비슷,보통,,적당함,,3.0,,3.0,,0.0,0.0,0.0,0.0,가격 대비 재질 너무 훌륭해요 색감도 좋고 하나 더 담으러갑니다,가격대비재질너무훌륭해요색감도좋고하나더담으러갑니다,0,0,0,0,0,False,35,26,35,True,상큼한피렌체코지,"('SMALL', None)",0,False,1,keep,unique,True,84255131
4987047,84255658,general,무식,전체적으로 무난하게 입고 다닐 수 있는 티셔츠네요. 자주 애용할게요.,5.0,False,블랙 · L,175.0,60.0,남성,2026-05-07 19:16:59,사이즈: 조금 큼 / 화면 대비 색감: 화면과 비슷 / 두께감: 적당함 / 신축성: 적당함,True,0,jemut,상의,L,블랙,2026,5,7,목,5,응답,조금 큼,화면과 비슷,,,적당함,적당함,,3.0,3.0,,1.0,1.0,0.0,0.0,전체적으로 무난하게 입고 다닐 수 있는 티셔츠네요. 자주 애용할게요.,전체적으로무난하게입고다닐수있는티셔츠네요자주애용할게요,0,0,0,0,0,False,38,28,38,True,무식,"('L', '블랙')",0,False,1,keep,unique,True,84255658
﻿3792018,84255770,general,꿈많은빨강바지,여름이랑 가을에 편하게 입으려고 샀습니다. 이쁘네요,5.0,False,XS,170.0,66.0,남성,2026-05-07 19:19:54,사이즈: 정사이즈 / 화면 대비 색감: 화면과 비슷 / 퀄리티: 보통 / 신축성: 적당함,True,0,filluminate,하의,XS,,2026,5,7,목,5,응답,정사이즈,화면과 비슷,보통,,,적당함,3.0,3.0,,,0.0,0.0,0.0,0.0,여름이랑 가을에 편하게 입으려고 샀습니다. 이쁘네요,여름이랑가을에편하게입으려고샀습니다이쁘네요,0,0,0,0,0,False,28,22,28,True,꿈많은빨강바지,"('XS', None)",0,False,1,keep,unique,True,84255770
﻿4728678,84255803,general,꿈많은빨강바지,아무때나 입을 옷이 필요해서 구매했습니다. 좋아 보입니다.,5.0,False,M,170.0,66.0,남성,2026-05-07 19:20:52,사이즈: 정사이즈 / 화면 대비 색감: 화면과 비슷 / 퀄리티: 보통 / 두께감: 적당함,True,0,filluminate,아우터,M,,2026,5,7,목,5,응답,정사이즈,화면과 비슷,보통,,적당함,,3.0,,3.0,,0.0,0.0,0.0,0.0,아무때나 입을 옷이 필요해서 구매했습니다. 좋아 보입니다.,아무때나입을옷이필요해서구매했습니다좋아보입니다,0,0,0,0,0,False,32,24,32,True,꿈많은빨강바지,"('M', None)",0,False,1,keep,unique,True,84255803
﻿3399787,84256101,general,정정무무경경,딱 가성비 좋고 무난무난한 롱슬리브인거 같네요 두께는 딱 봄에 입으면 좋을거 같아요,5.0,False,LARGE,173.0,71.0,남성,2026-05-07 19:29:25,사이즈: 정사이즈 / 화면 대비 색감: 화면과 비슷 / 두께감: 적당함 / 신축성: 적당함,True,0,travel,상의,LARGE,,2026,5,7,목,5,응답,정사이즈,화면과 비슷,,,적당함,적당함,,3.0,3.0,,0.0,0.0,0.0,0.0,딱 가성비 좋고 무난무난한 롱슬리브인거 같네요 두께는 딱 봄에 입으면 좋을거 같아요,딱가성비좋고무난무난한롱슬리브인거같네요두께는딱봄에입으면좋을거같아요,0,0,0,0,0,False,46,35,46,True,정정무무경경,"('LARGE', None)",0,False,1,keep,unique,True,84256101
﻿6140949,84256488,general,맘대로사자,가격대비 무난한 핏 무난한 디자인이라 전투용으로 잘 활용할 거 같네요,5.0,False,M,178.0,75.0,남성,2026-05-07 19:39:34,사이즈: 정사이즈 / 화면 대비 색감: 화면과 비슷 / 두께감: 적당함 / 신축성: 적당함,False,0,filluminate,상의,M,,2026,5,7,목,5,응답,정사이즈,화면과 비슷,,,적당함,적당함,,3.0,3.0,,0.0,0.0,0.0,0.0,가격대비 무난한 핏 무난한 디자인이라 전투용으로 잘 활용할 거 같네요,가격대비무난한핏무난한디자인이라전투용으로잘활용할거같네요,0,0,0,0,0,False,38,29,38,True,맘대로사자,"('M', None)",0,False,1,keep,unique,True,84256488
3132774,84256815,general,주말엔남산골지,물 빠짐과 이염 주의하세용 그거 빼면 아주 굿임 굿,5.0,False,MEDIUM,156.0,52.0,여성,2026-05-07 19:49:11,사이즈: 조금 큼 / 화면 대비 색감: 화면과 비슷 / 두께감: 적당함 / 신축성: 적당함,False,0,travel,상의,MEDIUM,,2026,5,7,목,5,응답,조금 큼,화면과 비슷,,,적당함,적당함,,3.0,3.0,,1.0,1.0,0.0,0.0,물 빠짐과 이염 주의하세용 그거 빼면 아주 굿임 굿,물빠짐과이염주의하세용그거빼면아주굿임굿,0,0,0,0,0,False,28,20,28,True,주말엔남산골지,"('MEDIUM', None)",0,False,1,keep,unique,True,84256815
6140944,84257414,general,핫한신사지갑,여름에 안달라붙고 스타일 좋게 입을수 있는 반팔티 네요. 잘 입을께요.,5.0,False,LIGHT KHAKI · M,168.0,63.0,missing,2026-05-07 20:07:33,사이즈: 정사이즈 / 화면 대비 색감: 화면과 비슷 / 두께감: 적당함 / 신축성: 강함,False,0,filluminate,상의,M,LIGHT KHAKI,2026,5,7,목,5,응답,정사이즈,화면과 비슷,,,적당함,강함,,4.0,3.0,,0.0,0.0,0.0,0.0,여름에 안달라붙고 스타일 좋게 입을수 있는 반팔티 네요. 잘 입을께요.,여름에안달라붙고스타일좋게입을수있는반팔티네요잘입을께요,0,0,0,0,0,False,39,28,39,True,핫한신사지갑,"('M', 'LIGHT KHAKI')",0,False,2,keep,multi_option_unique,True,84257414
4969889,84257420,general,고잉투게더,남편한테 입히려고 샀는데 가로로 넓은 셔츠라서 m 사길 잘한 것 같아요 두께감은 적당히 있어요,5.0,False,BEIGE · M,167.0,60.0,여성,2026-05-07 20:07:50,사이즈: 정사이즈 / 화면 대비 색감: 화면과 비슷 / 퀄리티: 보통 / 구김: 약간 있음,False,0,filluminate,상의,M,BEIGE,2026,5,7,목,5,응답,정사이즈,화면과 비슷,보통,약간 있음,,,3.0,,,3.0,0.0,0.0,0.0,0.0,남편한테 입히려고 샀는데 가로로 넓은 셔츠라서 m 사길 잘한 것 같아요 두께감은 적당히 있어요,남편한테입히려고샀는데가로로넓은셔츠라서m사길잘한것같아요두께감은적당히있어요,0,0,0,0,0,False,52,38,52,True,고잉투게더,"('M', 'BEIGE')",0,False,1,keep,unique,True,84257420
6140944,84257450,general,핫한신사지갑,스타일 좋게 입을수 있는 반팔티네요. 잘입을께요.,5.0,False,CHARCOAL · M,168.0,63.0,missing,2026-05-07 20:08:26,사이즈: 정사이즈 / 화면 대비 색감: 화면과 비슷 / 두께감: 적당함 / 신축성: 강함,False,0,filluminate,상의,M,CHARCOAL,2026,5,7,목,5,응답,정사이즈,화면과 비슷,,,적당함,강함,,4.0,3.0,,0.0,0.0,0.0,0.0,스타일 좋게 입을수 있는 반팔티네요. 잘입을께요.,스타일좋게입을수있는반팔티네요잘입을께요,0,0,0,0,0,False,27,20,27,True,핫한신사지갑,"('M', 'CHARCOAL')",0,False,2,keep,multi_option_unique,True,84257450
6140884,84257491,general,예쁜숙자,배송 감사드립니다. 셔츠가 너무 예뻐서 구매하였습니다. 필름이 네이트는 다 예쁜 거 같아요.,5.0,False,S,174.0,69.0,남성,2026-05-07 20:09:28,사이즈: 정사이즈 / 화면 대비 색감: 화면과 비슷 / 퀄리티: 매우 좋음 / 구김: 약간 있음,True,0,filluminate,상의,S,,2026,5,7,목,5,응답,정사이즈,화면과 비슷,매우 좋음,약간 있음,,,5.0,,,3.0,0.0,0.0,0.0,0.0,배송 감사드립니다. 셔츠가 너무 예뻐서 구매하였습니다. 필름이 네이트는 다 예쁜 거 같아요.,배송감사드립니다셔츠가너무예뻐서구매하였습니다필름이네이트는다예쁜거같아요,0,0,0,0,0,False,51,37,51,True,예쁜숙자,"('S', None)",0,False,1,keep,unique,True,84257491
﻿6140884,84257521,style,예쁜숙자,여름에도 입을 수 있을 것 같아요. 두껍지가 않아서 좋네요. 살랑살랑 좋습니다.,5.0,False,S,174.0,69.0,남성,2026-05-07 20:10:07,사이즈: 정사이즈 / 화면 대비 색감: 화면과 비슷 / 퀄리티: 매우 좋음 / 구김: 약간 있음,True,0,filluminate,상의,S,,2026,5,7,목,5,응답,정사이즈,화면과 비슷,매우 좋음,약간 있음,,,5.0,,,3.0,0.0,0.0,0.0,0.0,여름에도 입을 수 있을 것 같아요. 두껍지가 않아서 좋네요. 살랑살랑 좋습니다.,여름에도입을수있을것같아요두껍지가않아서좋네요살랑살랑좋습니다,0,0,0,0,0,False,44,31,44,True,예쁜숙자,"('S', None)",0,False,1,keep,unique,True,84257521
﻿4280527,84257700,style,의리있는블랙샘플,오버핏으로 넉넉하게 입을 수 있어서 좋아요 M사서 더 좋은거같아요,5.0,False,MEDIUM,162.0,45.0,여성,2026-05-07 20:15:40,사이즈: 조금 큼 / 화면 대비 색감: 화면과 비슷 / 퀄리티: 좋음 / 두께감: 적당함,True,0,travel,아우터,MEDIUM,,2026,5,7,목,5,응답,조금 큼,화면과 비슷,좋음,,적당함,,4.0,,3.0,,1.0,1.0,0.0,0.0,오버핏으로 넉넉하게 입을 수 있어서 좋아요 M사서 더 좋은거같아요,오버핏으로넉넉하게입을수있어서좋아요m사서더좋은거같아요,0,0,0,0,0,False,36,27,36,True,의리있는블랙샘플,"('MEDIUM', None)",0,False,1,keep,unique,True,84257700
6322928,84257931,general,YHee22,"클까 걱정했는데, 허리 밴딩이랑 줄로 조일 수도 있고 밑단도 버튼식으로 줄일 수 있게 나와서 내고 싶은 느낌에 따라 달리 해도 될듯!  통도 적당하고 딱 이런 연한 베이지색깔 원했는데 너무 만족!!",5.0,False,L,176.0,62.0,남성,2026-05-07 20:30:52,사이즈: 정사이즈 / 화면 대비 색감: 화면과 비슷 / 퀄리티: 매우 좋음 / 신축성: 매우 강함,False,0,filluminate,하의,L,,2026,5,7,목,5,응답,정사이즈,화면과 비슷,매우 좋음,,,매우 강함,5.0,5.0,,,0.0,0.0,0.0,0.0,"클까 걱정했는데, 허리 밴딩이랑 줄로 조일 수도 있고 밑단도 버튼식으로 줄일 수 있게 나와서 내고 싶은 느낌에 따라 달리 해도 될듯! 통도 적당하고 딱 이런 연한 베이지색깔 원했는데 너무 만족!!",클까걱정했는데허리밴딩이랑줄로조일수도있고밑단도버튼식으로줄일수있게나와서내고싶은느낌에따라달리해도될듯통도적당하고딱이런연한베이지색깔원했는데너무만족,0,0,3,0,0,False,110,76,109,True,YHee22,"('L', None)",0,False,1,keep,unique,True,84257931
﻿6108964,84258247,experience,Yu__jin,기본적으로 어디에 입던지 무난하게 코디할수있는 반팔 인거 같아요!! 일단 포인트도 이쁘게 잘 들어가있고 검은색이라 코디하기 너무 편안한 옷입니다 여름에 입기 딱 좋은 두께감이고 신축성도 어느정도 있는 편이라 편하게 입을수 있을꺼 같아요!! 사이즈는 한사이즈 정도 작게 시키시면 알맞게 이쁘게끔 입을수 있을꺼 같습니다😆😆 색감도 화면에 나와있는 사진이랑 똑같이 나왔다고 보시면 될꺼 같아요!! 전반적으로 이제곳 여름이니까 저는 많이 즐겨입을꺼 같습니다!! 조금 크게 입는거 좋아하시는 분들은 저처럼 사이즈 이대로 시켜도 될꺼같아요~!!,5.0,True,M,175.0,64.0,남성,2026-05-07 20:26:25,사이즈: 조금 큼 / 화면 대비 색감: 화면과 비슷 / 두께감: 적당함 / 신축성: 강함,True,0,filluminate,상의,M,,2026,5,7,목,5,응답,조금 큼,화면과 비슷,,,적당함,강함,,4.0,3.0,,1.0,1.0,0.0,0.0,기본적으로 어디에 입던지 무난하게 코디할수있는 반팔 인거 같아요!! 일단 포인트도 이쁘게 잘 들어가있고 검은색이라 코디하기 너무 편안한 옷입니다 여름에 입기 딱 좋은 두께감이고 신축성도 어느정도 있는 편이라 편하게 입을수 있을꺼 같아요!! 사이즈는 한사이즈 정도 작게 시키시면 알맞게 이쁘게끔 입을수 있을꺼 같습니다 색감도 화면에 나와있는 사진이랑 똑같이 나왔다고 보시면 될꺼 같아요!! 전반적으로 이제곳 여름이니까 저는 많이 즐겨입을꺼 같습니다!! 조금 크게 입는거 좋아하시는 분들은 저처럼 사이즈 이대로 시켜도 될꺼같아요~!!,기본적으로어디에입던지무난하게코디할수있는반팔인거같아요일단포인트도이쁘게잘들어가있고검은색이라코디하기너무편안한옷입니다여름에입기딱좋은두께감이고신축성도어느정도있는편이라편하게입을수있을꺼같아요사이즈는한사이즈정도작게시키시면알맞게이쁘게끔입을수있을꺼같습니다색감도화면에나와있는사진이랑똑같이나왔다고보시면될꺼같아요전반적으로이제곳여름이니까저는많이즐겨입을꺼같습니다조금크게입는거좋아하시는분들은저처럼사이즈이대로시켜도될꺼같아요,0,0,10,0,2,False,298,219,296,True,Yu__jin,"('M', None)",0,False,1,keep,unique,True,84258247
﻿6108866,84258284,general,피곤한서울아우터,디지인도 귀엽고 재질도 탄탄하니 좋습니다!  여름에 잘입을 것 같아요,5.0,False,M,169.0,65.0,여성,2026-05-07 20:27:44,사이즈: 정사이즈 / 화면 대비 색감: 화면과 비슷 / 퀄리티: 좋음 / 구김: 약간 있음,False,0,filluminate,상의,M,,2026,5,7,목,5,응답,정사이즈,화면과 비슷,좋음,약간 있음,,,4.0,,,3.0,0.0,0.0,0.0,0.0,디지인도 귀엽고 재질도 탄탄하니 좋습니다! 여름에 잘입을 것 같아요,디지인도귀엽고재질도탄탄하니좋습니다여름에잘입을것같아요,0,0,1,0,0,False,38,28,37,True,피곤한서울아우터,"('M', None)",0,False,1,keep,unique,True,84258284
﻿3791990,84258314,style,sxyslee.10,기장감이 과하지 않고 적당해서 핏 이쁘게 나오고 워싱도 잘 빠져있어요,5.0,False,S,172.0,65.0,남성,2026-05-07 20:28:32,사이즈: 정사이즈 / 화면 대비 색감: 화면과 비슷 / 퀄리티: 보통 / 신축성: 적당함,True,0,filluminate,하의,S,,2026,5,7,목,5,응답,정사이즈,화면과 비슷,보통,,,적당함,3.0,3.0,,,0.0,0.0,0.0,0.0,기장감이 과하지 않고 적당해서 핏 이쁘게 나오고 워싱도 잘 빠져있어요,기장감이과하지않고적당해서핏이쁘게나오고워싱도잘빠져있어요,0,0,0,0,0,False,38,29,38,True,sxyslee.10,"('S', None)",0,False,1,keep,unique,True,84258314
6391691,84259122,general,Bbonggi81,기본 살짝와이드한 품이나 크롭한 디자인까지 마음에드네여,4.0,False,INDIGO · [Crop ver.] L,171.0,67.0,남성,2026-05-07 20:47:36,사이즈: 정사이즈 / 화면 대비 색감: 화면과 비슷 / 퀄리티: 보통 / 구김: 약간 있음,False,0,filluminate,상의,L,INDIGO [Crop ver.],2026,5,7,목,4,응답,정사이즈,화면과 비슷,보통,약간 있음,,,3.0,,,3.0,0.0,0.0,0.0,0.0,기본 살짝와이드한 품이나 크롭한 디자인까지 마음에드네여,기본살짝와이드한품이나크롭한디자인까지마음에드네여,0,0,0,0,0,False,30,25,30,True,Bbonggi81,"('L', 'INDIGO [Crop ver.]')",0,False,1,keep,unique,True,84259122
3791988,84259130,general,유연한프라하정장,가볍게 입기 좋고 핏도 깔끔해서 만족합니다. 데일리용으로 잘 입고 있어요.,5.0,False,M,172.0,62.0,남성,2026-05-07 20:47:47,사이즈: 정사이즈 / 화면 대비 색감: 화면과 비슷 / 퀄리티: 매우 좋음 / 신축성: 적당함,True,0,filluminate,하의,M,,2026,5,7,목,5,응답,정사이즈,화면과 비슷,매우 좋음,,,적당함,5.0,3.0,,,0.0,0.0,0.0,0.0,가볍게 입기 좋고 핏도 깔끔해서 만족합니다. 데일리용으로 잘 입고 있어요.,가볍게입기좋고핏도깔끔해서만족합니다데일리용으로잘입고있어요,0,0,0,0,0,False,41,30,41,True,유연한프라하정장,"('M', None)",0,False,1,keep,unique,True,84259130
4987047,84259299,general,닉네임할거없닭,딱 원하던 핏이고 저렴하게 좋은옷 구매해서 좋아요~,5.0,False,블랙 · 2XL,175.0,90.0,남성,2026-05-07 20:51:57,사이즈: 조금 큼 / 화면 대비 색감: 화면과 비슷 / 두께감: 적당함 / 신축성: 적당함,True,0,jemut,상의,2XL,블랙,2026,5,7,목,5,응답,조금 큼,화면과 비슷,,,적당함,적당함,,3.0,3.0,,1.0,1.0,0.0,0.0,딱 원하던 핏이고 저렴하게 좋은옷 구매해서 좋아요~,딱원하던핏이고저렴하게좋은옷구매해서좋아요,0,0,0,0,0,False,28,21,28,True,닉네임할거없닭,"('2XL', '블랙')",0,False,1,keep,unique,True,84259299
1884943,84259300,general,킵고잉허기짐,소재두께감이 적당해서 여름도 잘 입을거같아요,5.0,False,LARGE,182.0,79.0,남성,2026-05-07 20:52:00,사이즈: 조금 큼 / 화면 대비 색감: 어두움 / 두께감: 두꺼움 / 신축성: 적당함,False,0,travel,상의,LARGE,,2026,5,7,목,5,응답,조금 큼,어두움,,,두꺼움,적당함,,3.0,4.0,,1.0,1.0,-1.0,1.0,소재두께감이 적당해서 여름도 잘 입을거같아요,소재두께감이적당해서여름도잘입을거같아요,0,0,0,0,0,False,24,20,24,True,킵고잉허기짐,"('LARGE', None)",0,False,1,keep,unique,True,84259300
3551175,84259354,general,상큼한피치색패션,제가 체구가 커서 좀 오버핏 같지 않긴 하지만 재질도 약간 탄탄해서 좋아여 다음에는 좀더 큰 사이즈로 사볼려고영,5.0,False,그레이 · M,160.0,72.0,여성,2026-05-07 20:53:36,사이즈: 조금 작음 / 화면 대비 색감: 화면과 비슷 / 두께감: 두꺼움 / 퀄리티: 좋음,True,0,jemut,아우터,M,그레이,2026,5,7,목,5,응답,조금 작음,화면과 비슷,좋음,,두꺼움,,4.0,,4.0,,-1.0,1.0,0.0,0.0,제가 체구가 커서 좀 오버핏 같지 않긴 하지만 재질도 약간 탄탄해서 좋아여 다음에는 좀더 큰 사이즈로 사볼려고영,제가체구가커서좀오버핏같지않긴하지만재질도약간탄탄해서좋아여다음에는좀더큰사이즈로사볼려고영,0,0,0,0,0,False,62,46,62,True,상큼한피치색패션,"('M', '그레이')",0,False,1,keep,unique,True,84259354
﻿3551175,84259397,style,상큼한피치색패션,색감도 좋고 재질도 탄탄하니 좋아여 근데 제가 체구가 커서 오버핏 같지 않긴하지만 례뼈영,5.0,False,그레이 · M,160.0,72.0,여성,2026-05-07 20:54:59,사이즈: 조금 작음 / 화면 대비 색감: 화면과 비슷 / 두께감: 두꺼움 / 퀄리티: 좋음,True,0,jemut,아우터,M,그레이,2026,5,7,목,5,응답,조금 작음,화면과 비슷,좋음,,두꺼움,,4.0,,4.0,,-1.0,1.0,0.0,0.0,색감도 좋고 재질도 탄탄하니 좋아여 근데 제가 체구가 커서 오버핏 같지 않긴하지만 례뼈영,색감도좋고재질도탄탄하니좋아여근데제가체구가커서오버핏같지않긴하지만례뼈영,0,0,0,0,0,False,49,37,49,True,상큼한피치색패션,"('M', '그레이')",0,False,1,keep,unique,True,84259397
5249171,84259423,general,CNICNI,옷은 예쁜데 좀 얇아서 마른체형 커버하기는 무리가 있습니다,4.0,False,M,173.0,60.0,남성,2026-05-07 20:55:47,사이즈: 정사이즈 / 화면 대비 색감: 화면과 비슷 / 두께감: 적당함 / 신축성: 적당함,True,0,filluminate,상의,M,,2026,5,7,목,4,응답,정사이즈,화면과 비슷,,,적당함,적당함,,3.0,3.0,,0.0,0.0,0.0,0.0,옷은 예쁜데 좀 얇아서 마른체형 커버하기는 무리가 있습니다,옷은예쁜데좀얇아서마른체형커버하기는무리가있습니다,0,0,0,0,0,False,32,25,32,True,CNICNI,"('M', None)",0,False,1,keep,unique,True,84259423
﻿5249171,84259448,style,CNICNI,옷은 예쁜데 좀 얇아서 마른체형 커버하기는 무리가 있습니다,5.0,False,M,173.0,60.0,남성,2026-05-07 20:56:14,사이즈: 정사이즈 / 화면 대비 색감: 화면과 비슷 / 두께감: 적당함 / 신축성: 적당함,True,0,filluminate,상의,M,,2026,5,7,목,5,응답,정사이즈,화면과 비슷,,,적당함,적당함,,3.0,3.0,,0.0,0.0,0.0,0.0,옷은 예쁜데 좀 얇아서 마른체형 커버하기는 무리가 있습니다,옷은예쁜데좀얇아서마른체형커버하기는무리가있습니다,0,0,0,0,0,False,32,25,32,True,CNICNI,"('M', None)",0,False,1,keep,unique,True,84259448
﻿3791988,84259556,general,품격있는런던버튼,깔끔하게 떨어지는 미디엄블루 청바지가 세련되어 보입니다,5.0,False,M,172.0,70.0,여성,2026-05-07 20:59:11,사이즈: 정사이즈 / 화면 대비 색감: 화면과 비슷 / 퀄리티: 보통 / 신축성: 적당함,True,0,filluminate,하의,M,,2026,5,7,목,5,응답,정사이즈,화면과 비슷,보통,,,적당함,3.0,3.0,,,0.0,0.0,0.0,0.0,깔끔하게 떨어지는 미디엄블루 청바지가 세련되어 보입니다,깔끔하게떨어지는미디엄블루청바지가세련되어보입니다,0,0,0,0,0,False,30,25,30,True,품격있는런던버튼,"('M', None)",0,False,1,keep,unique,True,84259556
﻿6322651,84259979,experience,독특한피렌체탱크,여름에 입기 좋은 적당한 오버핏 반팔같아요! 색감은 화면이랑 비슷하다고 생각하시면서 사시면 될거같아요 평소에 손이 많이 갈거같은 디자인이고 크게 호불호 안타는 핏인거 같아요 조금 통통하신 분들도 이건 팔부분이 커서 조금 얇아 보일수있을거 같아요 여름 반팔은 보통하나만 입어서 촉감을 좀 중요하게 보는데 까슬거리는건 하나도 없고 진짜 부드러워요 다만 비침이 조금 있어서 전 캡나시랑 같이 입을거 같아요 민망하신거 싫으시면 스킨톤속옷이랑 같이 입는걸추천할게요! 여름에 앞으로 자주입을거같아요!,5.0,True,M,165.0,62.0,여성,2026-05-07 21:10:41,사이즈: 정사이즈 / 화면 대비 색감: 화면과 비슷 / 두께감: 얇음 / 신축성: 강함,True,0,filluminate,상의,M,,2026,5,7,목,5,응답,정사이즈,화면과 비슷,,,얇음,강함,,4.0,2.0,,0.0,0.0,0.0,0.0,여름에 입기 좋은 적당한 오버핏 반팔같아요! 색감은 화면이랑 비슷하다고 생각하시면서 사시면 될거같아요 평소에 손이 많이 갈거같은 디자인이고 크게 호불호 안타는 핏인거 같아요 조금 통통하신 분들도 이건 팔부분이 커서 조금 얇아 보일수있을거 같아요 여름 반팔은 보통하나만 입어서 촉감을 좀 중요하게 보는데 까슬거리는건 하나도 없고 진짜 부드러워요 다만 비침이 조금 있어서 전 캡나시랑 같이 입을거 같아요 민망하신거 싫으시면 스킨톤속옷이랑 같이 입는걸추천할게요! 여름에 앞으로 자주입을거같아요!,여름에입기좋은적당한오버핏반팔같아요색감은화면이랑비슷하다고생각하시면서사시면될거같아요평소에손이많이갈거같은디자인이고크게호불호안타는핏인거같아요조금통통하신분들도이건팔부분이커서조금얇아보일수있을거같아요여름반팔은보통하나만입어서촉감을좀중요하게보는데까슬거리는건하나도없고진짜부드러워요다만비침이조금있어서전캡나시랑같이입을거같아요민망하신거싫으시면스킨톤속옷이랑같이입는걸추천할게요여름에앞으로자주입을거같아요,0,0,3,0,0,False,273,209,273,True,독특한피렌체탱크,"('M', None)",0,False,1,keep,unique,True,84259979
4987047,84260110,general,양감튀,너무 짧지 않아서 좋아요 팔이 좀 길긴 하지만 핏이 이뻐요,5.0,False,다크브라운 · L,167.0,66.0,남성,2026-05-07 21:13:49,사이즈: 정사이즈 / 화면 대비 색감: 화면과 비슷 / 두께감: 적당함 / 신축성: 적당함,True,0,jemut,상의,L,다크브라운,2026,5,7,목,5,응답,정사이즈,화면과 비슷,,,적당함,적당함,,3.0,3.0,,0.0,0.0,0.0,0.0,너무 짧지 않아서 좋아요 팔이 좀 길긴 하지만 핏이 이뻐요,너무짧지않아서좋아요팔이좀길긴하지만핏이이뻐요,0,0,0,0,0,False,32,23,32,True,양감튀,"('L', '다크브라운')",0,False,1,keep,unique,True,84260110
﻿1817381,84260344,style,아져미,넉넉한 사이즈고 아웃도어 활동할 때 딱이에여 휘뚜루마뚜루~~~,5.0,False,SMALL,160.0,58.0,여성,2026-05-07 21:19:12,사이즈: 조금 큼 / 화면 대비 색감: 화면과 비슷 / 퀄리티: 매우 좋음 / 두께감: 얇음,True,0,travel,아우터,SMALL,,2026,5,7,목,5,응답,조금 큼,화면과 비슷,매우 좋음,,얇음,,5.0,,2.0,,1.0,1.0,0.0,0.0,넉넉한 사이즈고 아웃도어 활동할 때 딱이에여 휘뚜루마뚜루~~~,넉넉한사이즈고아웃도어활동할때딱이에여휘뚜루마뚜루,0,0,0,0,0,True,34,25,34,True,아져미,"('SMALL', None)",0,False,1,keep,unique,True,84260344
6140883,84260383,style,코미 코미,편안함과 부드러운 소재감과 가벼운 무게감. 루즈한 디자인에 만족해요. 한여름에도 입을 수 있는 얇은 두께에요. 평소 100사이즈 입는데 M사이즈가 맞네요.,5.0,False,M,180.0,67.0,남성,2026-05-07 21:20:12,사이즈: 조금 큼 / 화면 대비 색감: 화면과 비슷 / 퀄리티: 매우 좋음 / 구김: 약간 있음,True,0,filluminate,상의,M,,2026,5,7,목,5,응답,조금 큼,화면과 비슷,매우 좋음,약간 있음,,,5.0,,,3.0,1.0,1.0,0.0,0.0,편안함과 부드러운 소재감과 가벼운 무게감. 루즈한 디자인에 만족해요. 한여름에도 입을 수 있는 얇은 두께에요. 평소 100사이즈 입는데 M사이즈가 맞네요.,편안함과부드러운소재감과가벼운무게감루즈한디자인에만족해요한여름에도입을수있는얇은두께에요평소100사이즈입는데m사이즈가맞네요,0,0,0,0,0,False,86,60,86,True,코미 코미,"('M', None)",0,False,2,keep,multi_type_dup,True,84260383
﻿4756930,84261035,general,웃상인덕수궁엣지,"가볍고 통기성 좋은 소재라 운동할 때는 물론 일상복으로도 정말 편안합니다. 옆면에 들어간 세 줄 라인 덕분에 다리가 더 길어 보이고, 블랙 컬러에 화이트 로고 포인트가 깔끔해서 유행 타지 않고 오래 입을 수 있을 것 같아요. 허리 밴딩도 짱짱하고 핏이 넉넉해서 활동량이 많은 날에도 부담 없이 착용하기 좋습니다!",5.0,False,SMALL,153.0,40.0,여성,2026-05-07 21:35:17,사이즈: 정사이즈 / 화면 대비 색감: 화면과 비슷 / 퀄리티: 보통 / 신축성: 적당함,True,0,travel,하의,SMALL,,2026,5,7,목,5,응답,정사이즈,화면과 비슷,보통,,,적당함,3.0,3.0,,,0.0,0.0,0.0,0.0,"가볍고 통기성 좋은 소재라 운동할 때는 물론 일상복으로도 정말 편안합니다. 옆면에 들어간 세 줄 라인 덕분에 다리가 더 길어 보이고, 블랙 컬러에 화이트 로고 포인트가 깔끔해서 유행 타지 않고 오래 입을 수 있을 것 같아요. 허리 밴딩도 짱짱하고 핏이 넉넉해서 활동량이 많은 날에도 부담 없이 착용하기 좋습니다!",가볍고통기성좋은소재라운동할때는물론일상복으로도정말편안합니다옆면에들어간세줄라인덕분에다리가더길어보이고블랙컬러에화이트로고포인트가깔끔해서유행타지않고오래입을수있을것같아요허리밴딩도짱짱하고핏이넉넉해서활동량이많은날에도부담없이착용하기좋습니다,0,0,1,0,0,False,174,124,174,True,웃상인덕수궁엣지,"('SMALL', None)",0,False,1,keep,unique,True,84261035
6391691,84261360,general,paul766,가격 대비 마감 재질 다 좋네요. 약간 오버핏이라 이뻐요,5.0,False,LIGHT BLUE · [Crop ver.] L,173.0,68.0,남성,2026-05-07 21:43:57,사이즈: 정사이즈 / 화면 대비 색감: 화면과 비슷 / 퀄리티: 좋음 / 구김: 약간 있음,False,0,filluminate,상의,L,LIGHT BLUE [Crop ver.],2026,5,7,목,5,응답,정사이즈,화면과 비슷,좋음,약간 있음,,,4.0,,,3.0,0.0,0.0,0.0,0.0,가격 대비 마감 재질 다 좋네요. 약간 오버핏이라 이뻐요,가격대비마감재질다좋네요약간오버핏이라이뻐요,0,0,0,0,0,False,31,22,31,True,paul766,"('L', 'LIGHT BLUE [Crop ver.]')",0,False,1,keep,unique,True,84261360
﻿5911789,84261378,style,붕붕이...,건조기 돌려도 잘 안 쪼그라들어서 좋아욜~~  세일할때 사길 잘 한 거 갗아요,5.0,False,COTTON BLACK · XL,166.0,55.0,여성,2026-05-07 21:44:14,사이즈: 정사이즈 / 화면 대비 색감: 화면과 비슷 / 퀄리티: 보통 / 신축성: 적당함,True,0,filluminate,하의,XL,COTTON BLACK,2026,5,7,목,5,응답,정사이즈,화면과 비슷,보통,,,적당함,3.0,3.0,,,0.0,0.0,0.0,0.0,건조기 돌려도 잘 안 쪼그라들어서 좋아욜~~ 세일할때 사길 잘 한 거 갗아요,건조기돌려도잘안쪼그라들어서좋아욜세일할때사길잘한거갗아요,0,0,0,0,0,False,43,29,42,True,붕붕이...,"('XL', 'COTTON BLACK')",0,False,1,keep,unique,True,84261378
6322922,84261395,general,paul766,"오버핏이라 이쁘고, 허리가 얇은 편인데 딱 좋아요",5.0,False,M,173.0,68.0,남성,2026-05-07 21:44:35,사이즈: 조금 큼 / 화면 대비 색감: 화면과 비슷 / 퀄리티: 좋음 / 신축성: 전혀 없음,False,0,filluminate,하의,M,,2026,5,7,목,5,응답,조금 큼,화면과 비슷,좋음,,,전혀 없음,4.0,1.0,,,1.0,1.0,0.0,0.0,"오버핏이라 이쁘고, 허리가 얇은 편인데 딱 좋아요",오버핏이라이쁘고허리가얇은편인데딱좋아요,0,0,0,0,0,False,27,20,27,True,paul766,"('M', None)",0,False,1,keep,unique,True,84261395
﻿4946729,84261985,general,강상훈.,너무 잘 샀다고 생각해요! 다음에 또 구매 하려고 합니다! 감사합니다~,5.0,False,MEDIUM,180.0,105.0,남성,2026-05-07 21:58:54,사이즈: 정사이즈 / 화면 대비 색감: 화면과 비슷 / 두께감: 적당함 / 신축성: 적당함,False,0,travel,상의,MEDIUM,,2026,5,7,목,5,응답,정사이즈,화면과 비슷,,,적당함,적당함,,3.0,3.0,,0.0,0.0,0.0,0.0,너무 잘 샀다고 생각해요! 다음에 또 구매 하려고 합니다! 감사합니다~,너무잘샀다고생각해요다음에또구매하려고합니다감사합니다,0,0,2,0,0,False,39,27,39,True,강상훈.,"('MEDIUM', None)",0,False,1,keep,unique,True,84261985
﻿6108955,84262025,experience,주걱밥,"키체인 프린팅이 포인트라서 기본 팬츠에만 입어도 코디가 살아나는 느낌입니다. 그레이 컬러라 부담 없이 매치하기 좋고, 블루/오렌지 배색이 생각보다 실물에서 더 예뻤어요.  원단도 부드러운 편이라 착용감 괜찮았고, 핏은 살짝 여유 있는 느낌이라 데일리로 편하게 입기 좋았습니다. 프린팅 존재감이 확실해서 여름에 단독으로 입기 좋을 것 같아요. 세미 와이드 팬츠나  카고팬츠랑 매치하면 스트릿한 분위기 잘 나옵니다.  그리고 핏이 정말 미쳤습니다, 총장이 길게 나와 부담되지 않을까 했는데 너무 이쁘게 딱 떨어집니다. 저랑 체형 비슷하신 분은 무조건 라지 하세요!! 뒤에서 봤을때 등판 넓어 보이고  팔 접어 입으면 핏 대박입니다.",5.0,True,L,181.0,80.0,남성,2026-05-07 22:00:16,사이즈: 정사이즈 / 화면 대비 색감: 화면과 비슷 / 두께감: 두꺼움 / 신축성: 적당함,True,0,filluminate,상의,L,,2026,5,7,목,5,응답,정사이즈,화면과 비슷,,,두꺼움,적당함,,3.0,4.0,,0.0,0.0,0.0,0.0,"키체인 프린팅이 포인트라서 기본 팬츠에만 입어도 코디가 살아나는 느낌입니다. 그레이 컬러라 부담 없이 매치하기 좋고, 블루/오렌지 배색이 생각보다 실물에서 더 예뻤어요. 원단도 부드러운 편이라 착용감 괜찮았고, 핏은 살짝 여유 있는 느낌이라 데일리로 편하게 입기 좋았습니다. 프린팅 존재감이 확실해서 여름에 단독으로 입기 좋을 것 같아요. 세미 와이드 팬츠나 카고팬츠랑 매치하면 스트릿한 분위기 잘 나옵니다. 그리고 핏이 정말 미쳤습니다, 총장이 길게 나와 부담되지 않을까 했는데 너무 이쁘게 딱 떨어집니다. 저랑 체형 비슷하신 분은 무조건 라지 하세요!! 뒤에서 봤을때 등판 넓어 보이고 팔 접어 입으면 핏 대박입니다.",키체인프린팅이포인트라서기본팬츠에만입어도코디가살아나는느낌입니다그레이컬러라부담없이매치하기좋고블루오렌지배색이생각보다실물에서더예뻤어요원단도부드러운편이라착용감괜찮았고핏은살짝여유있는느낌이라데일리로편하게입기좋았습니다프린팅존재감이확실해서여름에단독으로입기좋을것같아요세미와이드팬츠나카고팬츠랑매치하면스트릿한분위기잘나옵니다그리고핏이정말미쳤습니다총장이길게나와부담되지않을까했는데너무이쁘게딱떨어집니다저랑체형비슷하신분은무조건라지하세요뒤에서봤을때등판넓어보이고팔접어입으면핏대박입니다,0,0,2,0,0,False,351,251,347,True,주걱밥,"('L', None)",0,False,1,keep,unique,True,84262025
﻿6322922,84262275,style,옷이라도잘입을게,실물이 좀 더 누렇습니다. 발목에 스냅이 있어서 핏조절이 가능하고 얇아서 시원하게 입기 좋을거 같아요.,5.0,False,L,180.0,78.0,남성,2026-05-07 22:06:27,사이즈: 정사이즈 / 화면 대비 색감: 매우 어두움 / 퀄리티: 보통 / 신축성: 적당함,True,0,filluminate,하의,L,,2026,5,7,목,5,응답,정사이즈,매우 어두움,보통,,,적당함,3.0,3.0,,,0.0,0.0,-2.0,2.0,실물이 좀 더 누렇습니다. 발목에 스냅이 있어서 핏조절이 가능하고 얇아서 시원하게 입기 좋을거 같아요.,실물이좀더누렇습니다발목에스냅이있어서핏조절이가능하고얇아서시원하게입기좋을거같아요,0,0,0,0,0,False,57,42,57,True,옷이라도잘입을게,"('L', None)",0,False,1,keep,unique,True,84262275
3791891,84262459,general,셈이빠른회색셔츠,재질이 탄탄해서좋았습니다.  핏을 예쁘게 잡아주며 아무곳이나척척 코디할수있어서 좋습니다.,5.0,False,M,161.0,53.0,여성,2026-05-07 22:11:14,사이즈: 정사이즈 / 화면 대비 색감: 화면과 비슷 / 퀄리티: 매우 좋음 / 구김: 거의 없음,False,0,filluminate,상의,M,,2026,5,7,목,5,응답,정사이즈,화면과 비슷,매우 좋음,거의 없음,,,5.0,,,4.0,0.0,0.0,0.0,0.0,재질이 탄탄해서좋았습니다. 핏을 예쁘게 잡아주며 아무곳이나척척 코디할수있어서 좋습니다.,재질이탄탄해서좋았습니다핏을예쁘게잡아주며아무곳이나척척코디할수있어서좋습니다,0,0,0,0,0,False,49,39,48,True,셈이빠른회색셔츠,"('M', None)",0,False,1,keep,unique,True,84262459
﻿6391691,84262581,general,knys,굿굿 가격대비 확실히 좋은거 같아여 스카이블루 하나 더 사랴고요,5.0,False,LIGHT BLUE · [Crop ver.] M,167.0,65.0,남성,2026-05-07 22:14:01,사이즈: 정사이즈 / 화면 대비 색감: 화면과 비슷 / 퀄리티: 보통 / 구김: 약간 있음,False,0,filluminate,상의,M,LIGHT BLUE [Crop ver.],2026,5,7,목,5,응답,정사이즈,화면과 비슷,보통,약간 있음,,,3.0,,,3.0,0.0,0.0,0.0,0.0,굿굿 가격대비 확실히 좋은거 같아여 스카이블루 하나 더 사랴고요,굿굿가격대비확실히좋은거같아여스카이블루하나더사랴고요,0,0,0,0,0,False,35,27,35,True,knys,"('M', 'LIGHT BLUE [Crop ver.]')",0,False,1,keep,unique,True,84262581
2101661,84262638,style,데이빗간지,제가 찾던 핏인데 원단도 고급진거 같아요. 만족하고 다른 색상도 구매할 예정입니다.,5.0,False,블랙 · M,172.0,68.0,남성,2026-05-07 22:15:03,사이즈: 정사이즈 / 화면 대비 색감: 화면과 비슷 / 퀄리티: 매우 좋음 / 신축성: 강함,True,0,jemut,하의,M,블랙,2026,5,7,목,5,응답,정사이즈,화면과 비슷,매우 좋음,,,강함,5.0,4.0,,,0.0,0.0,0.0,0.0,제가 찾던 핏인데 원단도 고급진거 같아요. 만족하고 다른 색상도 구매할 예정입니다.,제가찾던핏인데원단도고급진거같아요만족하고다른색상도구매할예정입니다,0,0,0,0,0,False,46,34,46,True,데이빗간지,"('M', '블랙')",0,False,1,keep,unique,True,84262638
3455892,84262680,general,로마대란템,160기준 엉덩이 덮는 정도 길이로 아방하게 입을 수 있어요 일자핏으로 떨어져서 말라보여요,5.0,False,S,161.0,46.0,여성,2026-05-07 22:15:57,사이즈: 조금 큼 / 화면 대비 색감: 화면과 비슷 / 퀄리티: 좋음 / 두께감: 매우 얇음,False,0,filluminate,아우터,S,,2026,5,7,목,5,응답,조금 큼,화면과 비슷,좋음,,매우 얇음,,4.0,,1.0,,1.0,1.0,0.0,0.0,160기준 엉덩이 덮는 정도 길이로 아방하게 입을 수 있어요 일자핏으로 떨어져서 말라보여요,160기준엉덩이덮는정도길이로아방하게입을수있어요일자핏으로떨어져서말라보여요,0,0,0,0,0,False,50,36,50,True,로마대란템,"('S', None)",0,False,1,keep,unique,True,84262680
﻿2101661,84262685,general,데이빗간지,찾았던 핏이고 원단 좋아서 오래 입을 수 있을거 같아요.,5.0,False,블랙 · M,172.0,68.0,남성,2026-05-07 22:16:04,사이즈: 정사이즈 / 화면 대비 색감: 화면과 비슷 / 퀄리티: 매우 좋음 / 신축성: 강함,False,0,jemut,하의,M,블랙,2026,5,7,목,5,응답,정사이즈,화면과 비슷,매우 좋음,,,강함,5.0,4.0,,,0.0,0.0,0.0,0.0,찾았던 핏이고 원단 좋아서 오래 입을 수 있을거 같아요.,찾았던핏이고원단좋아서오래입을수있을거같아요,0,0,0,0,0,False,31,22,31,True,데이빗간지,"('M', '블랙')",0,False,1,keep,unique,True,84262685
﻿6219047,84263150,general,경남부스케츠,앞면에 프린팅이 예쁘고 입체적이라서 입기도 좋고 또 무엇보다 예뻐요,4.0,False,L,182.0,81.0,남성,2026-05-07 22:27:53,사이즈: 정사이즈 / 화면 대비 색감: 화면과 비슷 / 두께감: 얇음 / 신축성: 적당함,False,0,travel,상의,L,,2026,5,7,목,4,응답,정사이즈,화면과 비슷,,,얇음,적당함,,3.0,2.0,,0.0,0.0,0.0,0.0,앞면에 프린팅이 예쁘고 입체적이라서 입기도 좋고 또 무엇보다 예뻐요,앞면에프린팅이예쁘고입체적이라서입기도좋고또무엇보다예뻐요,0,0,0,0,0,False,37,29,37,True,경남부스케츠,"('L', None)",0,False,1,keep,unique,True,84263150
4987047,84263252,general,wldhksl,적당히 크롭해서 너무 예쁘고 너무 두껍지도 얇지도 않아서 좋았습니다. 비치지도 않고 어디에나 편하게 입기 좋은 기본티인 것 같습니다.,5.0,False,블랙 · L,175.0,65.0,남성,2026-05-07 22:31:17,사이즈: 정사이즈 / 화면 대비 색감: 화면과 비슷 / 두께감: 적당함 / 신축성: 적당함,True,0,jemut,상의,L,블랙,2026,5,7,목,5,응답,정사이즈,화면과 비슷,,,적당함,적당함,,3.0,3.0,,0.0,0.0,0.0,0.0,적당히 크롭해서 너무 예쁘고 너무 두껍지도 얇지도 않아서 좋았습니다. 비치지도 않고 어디에나 편하게 입기 좋은 기본티인 것 같습니다.,적당히크롭해서너무예쁘고너무두껍지도얇지도않아서좋았습니다비치지도않고어디에나편하게입기좋은기본티인것같습니다,0,0,0,0,0,False,74,55,74,True,wldhksl,"('L', '블랙')",0,False,4,keep,multi_type_dup,True,84263252
﻿6109219,84263301,general,높은호이안뮬,완전얇은 바람막이가 필요했는데 딱 원하는 스탈이네요,5.0,False,M,168.0,52.0,여성,2026-05-07 22:32:32,사이즈: 정사이즈 / 화면 대비 색감: 화면과 비슷 / 퀄리티: 매우 좋음 / 두께감: 매우 얇음,True,0,filluminate,아우터,M,,2026,5,7,목,5,응답,정사이즈,화면과 비슷,매우 좋음,,매우 얇음,,5.0,,1.0,,0.0,0.0,0.0,0.0,완전얇은 바람막이가 필요했는데 딱 원하는 스탈이네요,완전얇은바람막이가필요했는데딱원하는스탈이네요,0,0,0,0,0,False,28,23,28,True,높은호이안뮬,"('M', None)",0,False,1,keep,unique,True,84263301
4969807,84263309,style,초록좋아요,옷 이쁘고 시원함 끈도 안쪽으로 있어서 볼록튀어 나옴이 없음 그리고 잘맞음 몇개 더 사고 싶음,5.0,False,BEIGE · L,179.0,76.0,남성,2026-05-07 22:32:38,사이즈: 정사이즈 / 화면 대비 색감: 화면과 비슷 / 퀄리티: 보통 / 신축성: 적당함,True,0,filluminate,하의,L,BEIGE,2026,5,7,목,5,응답,정사이즈,화면과 비슷,보통,,,적당함,3.0,3.0,,,0.0,0.0,0.0,0.0,옷 이쁘고 시원함 끈도 안쪽으로 있어서 볼록튀어 나옴이 없음 그리고 잘맞음 몇개 더 사고 싶음,옷이쁘고시원함끈도안쪽으로있어서볼록튀어나옴이없음그리고잘맞음몇개더사고싶음,0,0,0,0,0,False,52,38,52,True,초록좋아요,"('L', 'BEIGE')",0,False,1,keep,unique,True,84263309
﻿4969807,84263319,general,초록좋아요,옷 이쁘고 시원함 끈도 안쪽으로 있어서 볼록튀어 나옴이 없음 그리고 잘맞음 몇개 더 사고 싶음,5.0,False,BEIGE · L,179.0,76.0,남성,2026-05-07 22:32:58,사이즈: 정사이즈 / 화면 대비 색감: 화면과 비슷 / 퀄리티: 보통 / 신축성: 적당함,True,0,filluminate,하의,L,BEIGE,2026,5,7,목,5,응답,정사이즈,화면과 비슷,보통,,,적당함,3.0,3.0,,,0.0,0.0,0.0,0.0,옷 이쁘고 시원함 끈도 안쪽으로 있어서 볼록튀어 나옴이 없음 그리고 잘맞음 몇개 더 사고 싶음,옷이쁘고시원함끈도안쪽으로있어서볼록튀어나옴이없음그리고잘맞음몇개더사고싶음,0,0,0,0,0,False,52,38,52,True,초록좋아요,"('L', 'BEIGE')",0,False,1,keep,unique,True,84263319
﻿3455892,84263554,general,정제된프라하체크,배송이 매~~~~~~~우 늦게 와서 화가 났지만 옷은 좋았음 맨날 입고 다님,5.0,False,S,161.0,49.0,여성,2026-05-07 22:39:01,사이즈: 정사이즈 / 화면 대비 색감: 화면과 비슷 / 퀄리티: 보통 / 두께감: 적당함,False,0,filluminate,아우터,S,,2026,5,7,목,5,응답,정사이즈,화면과 비슷,보통,,적당함,,3.0,,3.0,,0.0,0.0,0.0,0.0,배송이 매~~~우 늦게 와서 화가 났지만 옷은 좋았음 맨날 입고 다님,배송이매우늦게와서화가났지만옷은좋았음맨날입고다님,0,0,0,0,0,True,42,25,38,True,정제된프라하체크,"('S', None)",0,False,1,keep,unique,True,84263554
﻿6140883,84264055,general,재민아나라세워라,생각보다 흐물거려서 핏이 그렇게 이쁘진 않아요 마를수록 예쁠것같아요 그리고 체크 흰색부분이 좀 노래서 전체적으로 웜한 느낌? 여름에 에어컨 바람 막는 용으로 입거나 허리에 묶으면 이뻐요,3.0,False,S,167.0,65.0,여성,2026-05-07 22:50:43,사이즈: 정사이즈 / 화면 대비 색감: 밝음 / 퀄리티: 보통 / 구김: 약간 있음,False,0,filluminate,상의,S,,2026,5,7,목,3,응답,정사이즈,밝음,보통,약간 있음,,,3.0,,,3.0,0.0,0.0,1.0,1.0,생각보다 흐물거려서 핏이 그렇게 이쁘진 않아요 마를수록 예쁠것같아요 그리고 체크 흰색부분이 좀 노래서 전체적으로 웜한 느낌? 여름에 에어컨 바람 막는 용으로 입거나 허리에 묶으면 이뻐요,생각보다흐물거려서핏이그렇게이쁘진않아요마를수록예쁠것같아요그리고체크흰색부분이좀노래서전체적으로웜한느낌여름에에어컨바람막는용으로입거나허리에묶으면이뻐요,0,0,0,1,0,False,103,78,103,True,재민아나라세워라,"('S', None)",0,False,1,keep,unique,True,84264055
﻿5960684,84264106,general,ugz,시원하고 소재가 매우 부드러워용 여름동안 잘 입을거 같아요,5.0,False,M,171.0,70.0,남성,2026-05-07 22:51:44,사이즈: 정사이즈 / 화면 대비 색감: 화면과 비슷 / 퀄리티: 보통 / 구김: 약간 있음,False,0,travel,상의,M,,2026,5,7,목,5,응답,정사이즈,화면과 비슷,보통,약간 있음,,,3.0,,,3.0,0.0,0.0,0.0,0.0,시원하고 소재가 매우 부드러워용 여름동안 잘 입을거 같아요,시원하고소재가매우부드러워용여름동안잘입을거같아요,0,0,0,0,0,False,32,25,32,True,ugz,"('M', None)",0,False,1,keep,unique,True,84264106
1899755,84264363,general,으흥이1,트레블 반팔은 저렴한 가격에 잘 이용하고잇어요,5.0,False,MEDIUM,174.0,80.0,남성,2026-05-07 22:57:15,사이즈: 정사이즈 / 화면 대비 색감: 화면과 비슷 / 두께감: 적당함 / 신축성: 적당함,True,0,travel,상의,MEDIUM,,2026,5,7,목,5,응답,정사이즈,화면과 비슷,,,적당함,적당함,,3.0,3.0,,0.0,0.0,0.0,0.0,트레블 반팔은 저렴한 가격에 잘 이용하고잇어요,트레블반팔은저렴한가격에잘이용하고잇어요,0,0,0,0,0,False,25,20,25,True,으흥이1,"('MEDIUM', None)",0,False,2,keep,same_option_same_type_unique,True,84264363
1899755,84264396,general,으흥이1,여자친구랑 커플로 사입엇는데 둘다 좋아해서 마음에들어요,5.0,False,MEDIUM,174.0,80.0,남성,2026-05-07 22:57:49,사이즈: 정사이즈 / 화면 대비 색감: 화면과 비슷 / 두께감: 적당함 / 신축성: 적당함,True,0,travel,상의,MEDIUM,,2026,5,7,목,5,응답,정사이즈,화면과 비슷,,,적당함,적당함,,3.0,3.0,,0.0,0.0,0.0,0.0,여자친구랑 커플로 사입엇는데 둘다 좋아해서 마음에들어요,여자친구랑커플로사입엇는데둘다좋아해서마음에들어요,0,0,0,0,0,False,30,25,30,True,으흥이1,"('MEDIUM', None)",0,False,2,keep,same_option_same_type_unique,True,84264396
﻿5424586,84264706,general,활발한니스반폴라,배송 5월 4일 저녁 주문 후 7일에 배송받음 색상 화면과 비슷. 질감좋고 천 두께도 적당함. 마감도 깔끔.옷 스타일 이쁨,5.0,False,그레이 · M,172.0,55.0,남성,2026-05-07 23:05:33,사이즈: 정사이즈 / 화면 대비 색감: 화면과 비슷 / 두께감: 적당함 / 퀄리티: 매우 좋음,True,0,jemut,상의,M,그레이,2026,5,7,목,5,응답,정사이즈,화면과 비슷,매우 좋음,,적당함,,5.0,,3.0,,0.0,0.0,0.0,0.0,배송 5월 4일 저녁 주문 후 7일에 배송받음 색상 화면과 비슷. 질감좋고 천 두께도 적당함. 마감도 깔끔.옷 스타일 이쁨,배송5월4일저녁주문후7일에배송받음색상화면과비슷질감좋고천두께도적당함마감도깔끔옷스타일이쁨,0,0,0,0,0,False,68,44,68,True,활발한니스반폴라,"('M', '그레이')",0,False,1,keep,unique,True,84264706
6322928,84264812,experience,행복 하자,안녕하세요  ^^   저는  이번 필루미 네이트 이벤트 에  당첨 된 사람 입니당 이번 이벤트 에 제가  당첨 될 줄 저도 전혀 몰랐어요 ☺️  당첨 경혐이 한번도 무신사 에서는 없서서 당첨 안되겠지 하고 한번 눌러 본건데 갑자기  이벤트 당첨 됬다고 해서 당첨 됬다는 그 소식 듣고 제가 너무 너무 기뻐서 막 이리 뛰고 저리  뛰어 댕겼 었어요 제 방 에서   얼마나 기쁜지 모르 겠어요  너무 신나고 들뜬 체로 막 기대 되는 마음으로 택배 를 뜨고 착용 을 해봤는데 너무 편하고  괜찮더 라구요 바지 필루미 네이트 는 편하고  린넨 이라서 그런지 여름에 입기 편할거 같아서요 :) 감사합니당 이벤트 당첨 되게 해주셔서  필루미 네이트 관계자  여러 분들 ❤️❤️❤️❤️❤️ 👏👏👏,5.0,True,M,145.0,150.0,여성,2026-05-07 23:07:45,사이즈: 정사이즈 / 화면 대비 색감: 화면과 비슷 / 퀄리티: 보통 / 신축성: 적당함,True,0,filluminate,하의,M,,2026,5,7,목,5,응답,정사이즈,화면과 비슷,보통,,,적당함,3.0,3.0,,,0.0,0.0,0.0,0.0,안녕하세요 ^^ 저는 이번 필루미 네이트 이벤트 에 당첨 된 사람 입니당 이번 이벤트 에 제가 당첨 될 줄 저도 전혀 몰랐어요 당첨 경혐이 한번도 무신사 에서는 없서서 당첨 안되겠지 하고 한번 눌러 본건데 갑자기 이벤트 당첨 됬다고 해서 당첨 됬다는 그 소식 듣고 제가 너무 너무 기뻐서 막 이리 뛰고 저리 뛰어 댕겼 었어요 제 방 에서 얼마나 기쁜지 모르 겠어요 너무 신나고 들뜬 체로 막 기대 되는 마음으로 택배 를 뜨고 착용 을 해봤는데 너무 편하고 괜찮더 라구요 바지 필루미 네이트 는 편하고 린넨 이라서 그런지 여름에 입기 편할거 같아서요 :) 감사합니당 이벤트 당첨 되게 해주셔서 필루미 네이트 관계자 여러 분들,안녕하세요저는이번필루미네이트이벤트에당첨된사람입니당이번이벤트에제가당첨될줄저도전혀몰랐어요당첨경혐이한번도무신사에서는없서서당첨안되겠지하고한번눌러본건데갑자기이벤트당첨됬다고해서당첨됬다는그소식듣고제가너무너무기뻐서막이리뛰고저리뛰어댕겼었어요제방에서얼마나기쁜지모르겠어요너무신나고들뜬체로막기대되는마음으로택배를뜨고착용을해봤는데너무편하고괜찮더라구요바지필루미네이트는편하고린넨이라서그런지여름에입기편할거같아서요감사합니당이벤트당첨되게해주셔서필루미네이트관계자여러분들,0,0,0,0,9,True,382,242,348,True,행복 하자,"('M', None)",0,False,1,keep,unique,True,84264812
﻿3791891,84265159,general,내일은홍대쿨비즈,반팔 위에 걸쳐입기 좋고 편해요 구김도 없고 마음에 들어요,5.0,False,M,161.0,50.0,여성,2026-05-07 23:16:50,사이즈: 조금 큼 / 화면 대비 색감: 화면과 비슷 / 퀄리티: 좋음 / 구김: 거의 없음,True,0,filluminate,상의,M,,2026,5,7,목,5,응답,조금 큼,화면과 비슷,좋음,거의 없음,,,4.0,,,4.0,1.0,1.0,0.0,0.0,반팔 위에 걸쳐입기 좋고 편해요 구김도 없고 마음에 들어요,반팔위에걸쳐입기좋고편해요구김도없고마음에들어요,0,0,0,0,0,False,32,24,32,True,내일은홍대쿨비즈,"('M', None)",0,False,1,keep,unique,True,84265159
﻿3132774,84265734,general,탁월한주황에코퍼,탄탄한 느낌의 재질은 아닙니다. 아직 세탁전이라 목늘어남은 없을지 의문이네요. 색감도 어두운 느낌이라... 생각보다 그다지....,3.0,False,MEDIUM,162.0,60.0,여성,2026-05-07 23:34:38,사이즈: 조금 작음 / 화면 대비 색감: 매우 어두움 / 두께감: 얇음 / 신축성: 적당함,True,0,travel,상의,MEDIUM,,2026,5,7,목,3,응답,조금 작음,매우 어두움,,,얇음,적당함,,3.0,2.0,,-1.0,1.0,-2.0,2.0,탄탄한 느낌의 재질은 아닙니다. 아직 세탁전이라 목늘어남은 없을지 의문이네요. 색감도 어두운 느낌이라... 생각보다 그다지...,탄탄한느낌의재질은아닙니다아직세탁전이라목늘어남은없을지의문이네요색감도어두운느낌이라생각보다그다지,0,0,0,0,0,True,72,50,71,True,탁월한주황에코퍼,"('MEDIUM', None)",0,False,1,keep,unique,True,84265734
﻿1899755,84265807,general,탁월한주황에코퍼,크림색상이지만 더 노란 느낌이네요. 탄탄한 면재질은 아니라 애매합니다. 오버핏이라 큰 느낌입니다. 앞면의 로고가 그린색상이라 좋습니다.,3.0,False,MEDIUM,175.0,68.0,남성,2026-05-07 23:36:44,사이즈: 조금 큼 / 화면 대비 색감: 밝음 / 두께감: 얇음 / 신축성: 적당함,True,0,travel,상의,MEDIUM,,2026,5,7,목,3,응답,조금 큼,밝음,,,얇음,적당함,,3.0,2.0,,1.0,1.0,1.0,1.0,크림색상이지만 더 노란 느낌이네요. 탄탄한 면재질은 아니라 애매합니다. 오버핏이라 큰 느낌입니다. 앞면의 로고가 그린색상이라 좋습니다.,크림색상이지만더노란느낌이네요탄탄한면재질은아니라애매합니다오버핏이라큰느낌입니다앞면의로고가그린색상이라좋습니다,0,0,0,0,0,False,75,57,75,True,탁월한주황에코퍼,"('MEDIUM', None)",0,False,1,keep,unique,True,84265807
﻿6140944,84265856,general,활발한시카고단화,사진에 보이는 것과 비슷하고 정핏입니다. 상당히 예쁘네요,5.0,False,MELANGE GREY · M,170.0,68.0,남성,2026-05-07 23:37:52,사이즈: 정사이즈 / 화면 대비 색감: 화면과 비슷 / 두께감: 적당함 / 신축성: 적당함,False,0,filluminate,상의,M,MELANGE GREY,2026,5,7,목,5,응답,정사이즈,화면과 비슷,,,적당함,적당함,,3.0,3.0,,0.0,0.0,0.0,0.0,사진에 보이는 것과 비슷하고 정핏입니다. 상당히 예쁘네요,사진에보이는것과비슷하고정핏입니다상당히예쁘네요,0,0,0,0,0,False,31,24,31,True,활발한시카고단화,"('M', 'MELANGE GREY')",0,False,1,keep,unique,True,84265856
﻿4969889,84266095,general,123asdw,이미지와 색상이 같고 구김없고 시원한 재질이라 만족스러워요!! 여름에 잘 입겠습니다 177/78 라지 추천합니다,3.0,False,WHITE · [Crop ver.] L,178.0,78.0,남성,2026-05-07 23:44:22,사이즈: 정사이즈 / 화면 대비 색감: 화면과 비슷 / 퀄리티: 보통 / 구김: 약간 있음,False,1,filluminate,상의,L,WHITE [Crop ver.],2026,5,7,목,3,응답,정사이즈,화면과 비슷,보통,약간 있음,,,3.0,,,3.0,0.0,0.0,0.0,0.0,이미지와 색상이 같고 구김없고 시원한 재질이라 만족스러워요!! 여름에 잘 입겠습니다 177/78 라지 추천합니다,이미지와색상이같고구김없고시원한재질이라만족스러워요여름에잘입겠습니다17778라지추천합니다,0,0,2,0,0,False,62,42,62,True,123asdw,"('L', 'WHITE [Crop ver.]')",0,False,1,keep,unique,True,84266095
﻿6108854,84266132,general,흐뭇한버건디시크,셔츠가 정말 예뻐요 사이즈도 적당하고 좋아요 시원하게 잘 입을듯,5.0,False,L,164.0,50.0,여성,2026-05-07 23:45:33,사이즈: 정사이즈 / 화면 대비 색감: 화면과 비슷 / 퀄리티: 보통 / 구김: 약간 있음,True,0,filluminate,상의,L,,2026,5,7,목,5,응답,정사이즈,화면과 비슷,보통,약간 있음,,,3.0,,,3.0,0.0,0.0,0.0,0.0,셔츠가 정말 예뻐요 사이즈도 적당하고 좋아요 시원하게 잘 입을듯,셔츠가정말예뻐요사이즈도적당하고좋아요시원하게잘입을듯,0,0,0,0,0,False,35,27,35,True,흐뭇한버건디시크,"('L', None)",0,False,1,keep,unique,True,84266132
﻿6083635,84266171,experience,DD-0X,피그먼트 워싱이라서 원단이 탄탄해서 옷 핏 잘 잡아줘서 좋았어요. 그리고 원단이 너무 얇지도 두껍지도 않아 한여름에 단독으로 착용해도 부담없이 잘 입고 다닐 수 있을거 같아요. 넥라인도 마감이 좋아서 잘 안늘어나게 처리되어 있더라구요. 그래서 세탁 걱정도 줄어든거 같아요. 이처럼 넥라인 마감이 좋으면 목이 잘 안늘어나니 오래오래 예쁘게 잘 입을 수도 있을거 같아서 이 티 한장으로 브렌드의 신용과 꼼꼼함까지 신용할 수 있겠더라고요. 또 색감도 빈티지하면서 디자인도 요즘 트렌드와 잘 맞아서 좋았습니다~!,5.0,True,S,168.0,53.0,남성,2026-05-07 23:46:32,사이즈: 정사이즈 / 화면 대비 색감: 화면과 비슷 / 두께감: 적당함 / 신축성: 적당함,True,0,travel,상의,S,,2026,5,7,목,5,응답,정사이즈,화면과 비슷,,,적당함,적당함,,3.0,3.0,,0.0,0.0,0.0,0.0,피그먼트 워싱이라서 원단이 탄탄해서 옷 핏 잘 잡아줘서 좋았어요. 그리고 원단이 너무 얇지도 두껍지도 않아 한여름에 단독으로 착용해도 부담없이 잘 입고 다닐 수 있을거 같아요. 넥라인도 마감이 좋아서 잘 안늘어나게 처리되어 있더라구요. 그래서 세탁 걱정도 줄어든거 같아요. 이처럼 넥라인 마감이 좋으면 목이 잘 안늘어나니 오래오래 예쁘게 잘 입을 수도 있을거 같아서 이 티 한장으로 브렌드의 신용과 꼼꼼함까지 신용할 수 있겠더라고요. 또 색감도 빈티지하면서 디자인도 요즘 트렌드와 잘 맞아서 좋았습니다~!,피그먼트워싱이라서원단이탄탄해서옷핏잘잡아줘서좋았어요그리고원단이너무얇지도두껍지도않아한여름에단독으로착용해도부담없이잘입고다닐수있을거같아요넥라인도마감이좋아서잘안늘어나게처리되어있더라구요그래서세탁걱정도줄어든거같아요이처럼넥라인마감이좋으면목이잘안늘어나니오래오래예쁘게잘입을수도있을거같아서이티한장으로브렌드의신용과꼼꼼함까지신용할수있겠더라고요또색감도빈티지하면서디자인도요즘트렌드와잘맞아서좋았습니다,0,0,1,0,0,False,282,207,282,True,DD-0X,"('S', None)",0,False,1,keep,unique,True,84266171
﻿6322928,84266227,experience,댄디한주황트윌리,한줄평가: 생각보다 얇고 핏이 아주 맛들어짐!! 길이: 제가 159정도 되는데 아주 조금 길었어요.! 바지 밑단에 버튼하면 그래도 조금 길지만 굽있는 신발 신으면 안끌릴 정도!! 핏:홈페이지 사진에 나온 그 핏입니다 쩔어용💕💕 색깔:눈 으로 보는건 착샷 색이랑 제일 비슷해요 조금 진한 베이지 색깔입니다 재질: 얇아요!! 생각보다 얇은 재질이라 아주 더울때도 잘 입을수있을것같고 겨울에는 내복만 입으면 잘 입을것같습니당  단점이 없고 핏이 너무나 이쁜 바지입니당.! 무상제공 받은건 맞는데 ㄹㅇ 이뻐요ㅜㅜㅠ 저같은 키작녀도 충분히 입을수있어요 아주 좋습니당 베이지팬츠 찾으시면 믿고 구매하세용,5.0,True,S,159.0,45.0,여성,2026-05-07 23:48:23,사이즈: 정사이즈 / 화면 대비 색감: 어두움 / 퀄리티: 매우 좋음 / 신축성: 거의 없음,True,0,filluminate,하의,S,,2026,5,7,목,5,응답,정사이즈,어두움,매우 좋음,,,거의 없음,5.0,2.0,,,0.0,0.0,-1.0,1.0,한줄평가: 생각보다 얇고 핏이 아주 맛들어짐!! 길이: 제가 159정도 되는데 아주 조금 길었어요.! 바지 밑단에 버튼하면 그래도 조금 길지만 굽있는 신발 신으면 안끌릴 정도!! 핏:홈페이지 사진에 나온 그 핏입니다 쩔어용 색깔:눈 으로 보는건 착샷 색이랑 제일 비슷해요 조금 진한 베이지 색깔입니다 재질: 얇아요!! 생각보다 얇은 재질이라 아주 더울때도 잘 입을수있을것같고 겨울에는 내복만 입으면 잘 입을것같습니당 단점이 없고 핏이 너무나 이쁜 바지입니당.! 무상제공 받은건 맞는데 ㄹㅇ 이뻐요ㅜㅜㅠ 저같은 키작녀도 충분히 입을수있어요 아주 좋습니당 베이지팬츠 찾으시면 믿고 구매하세용,한줄평가생각보다얇고핏이아주맛들어짐길이제가159정도되는데아주조금길었어요바지밑단에버튼하면그래도조금길지만굽있는신발신으면안끌릴정도핏홈페이지사진에나온그핏입니다쩔어용색깔눈으로보는건착샷색이랑제일비슷해요조금진한베이지색깔입니다재질얇아요생각보다얇은재질이라아주더울때도잘입을수있을것같고겨울에는내복만입으면잘입을것같습니당단점이없고핏이너무나이쁜바지입니당무상제공받은건맞는데이뻐요저같은키작녀도충분히입을수있어요아주좋습니당베이지팬츠찾으시면믿고구매하세용,0,3,8,0,2,False,331,230,328,True,댄디한주황트윌리,"('S', None)",0,False,1,keep,unique,True,84266227
﻿2786732,84267228,style,윸왜한윤,스티치가 예뻐요  휘뚤 마뚤 데일리템으로 좋습니다,5.0,False,SMALL,158.0,48.0,여성,2026-05-08 00:23:23,사이즈: 정사이즈 / 화면 대비 색감: 화면과 비슷 / 퀄리티: 보통 / 신축성: 적당함,True,0,travel,하의,SMALL,,2026,5,8,금,5,응답,정사이즈,화면과 비슷,보통,,,적당함,3.0,3.0,,,0.0,0.0,0.0,0.0,스티치가 예뻐요 휘뚤 마뚤 데일리템으로 좋습니다,스티치가예뻐요휘뚤마뚤데일리템으로좋습니다,0,0,0,0,0,False,27,21,26,True,윸왜한윤,"('SMALL', None)",0,False,1,keep,unique,True,84267228
﻿4987046,84267527,general,7amr0n_2,그냥 딱 상품 설명한대로 정확하고 좋은거 같습니다,5.0,False,그레이 · M,174.0,70.0,남성,2026-05-08 00:32:14,사이즈: 정사이즈 / 화면 대비 색감: 화면과 비슷 / 두께감: 적당함 / 신축성: 적당함,False,0,jemut,상의,M,그레이,2026,5,8,금,5,응답,정사이즈,화면과 비슷,,,적당함,적당함,,3.0,3.0,,0.0,0.0,0.0,0.0,그냥 딱 상품 설명한대로 정확하고 좋은거 같습니다,그냥딱상품설명한대로정확하고좋은거같습니다,0,0,0,0,0,False,27,21,27,True,7amr0n_2,"('M', '그레이')",0,False,1,keep,unique,True,84267527
1884943,84267880,general,다양한체코스니커,매우매우 이쁘고 다른 옷과 스타일링하기 딱 좋습니다.,5.0,False,SMALL,165.0,53.0,남성,2026-05-08 00:49:04,사이즈: 정사이즈 / 화면 대비 색감: 화면과 비슷 / 두께감: 적당함 / 신축성: 적당함,True,0,travel,상의,SMALL,,2026,5,8,금,5,응답,정사이즈,화면과 비슷,,,적당함,적당함,,3.0,3.0,,0.0,0.0,0.0,0.0,매우매우 이쁘고 다른 옷과 스타일링하기 딱 좋습니다.,매우매우이쁘고다른옷과스타일링하기딱좋습니다,0,0,0,0,0,False,29,22,29,True,다양한체코스니커,"('SMALL', None)",0,False,1,keep,unique,True,84267880
﻿1884943,84267895,style,다양한체코스니커,매우매우 이쁘고 다른 옷과 스타일링하기 딱 좋습니다.,5.0,False,SMALL,165.0,53.0,남성,2026-05-08 00:49:39,사이즈: 정사이즈 / 화면 대비 색감: 화면과 비슷 / 두께감: 적당함 / 신축성: 적당함,True,0,travel,상의,SMALL,,2026,5,8,금,5,응답,정사이즈,화면과 비슷,,,적당함,적당함,,3.0,3.0,,0.0,0.0,0.0,0.0,매우매우 이쁘고 다른 옷과 스타일링하기 딱 좋습니다.,매우매우이쁘고다른옷과스타일링하기딱좋습니다,0,0,0,0,0,False,29,22,29,True,다양한체코스니커,"('SMALL', None)",0,False,1,keep,unique,True,84267895
﻿6140950,84268326,experience,할부도트뎀,"심플한 검은티, 가슴에 작은 포인트가 있고 무난해서 어느곳에나 매치하기 쉬운 기본 아이템같아요 프린팅도 고급스럽고 과하지 않아서 느낌이 좋습니다 색상은 사진보다 더 짙은, 블랙 블랙입니다  원단이 부드러워서 착용감이 좋았고 너무 흐물거리지도 않는 약간은 탄탄한 핏감이고 두께감도 보통이라 시즌도 덜 탈것같네요 여름부터 가을 이너까지 범용성이 넓어보입니다 전체적인 핏도 자연스럽게 떨어져서 단독으로 입어도 깔끔한 느낌이 납니다.  세탁 후에도 형태가 잘 유지되고 데일리로 자주 손이 가는 만족스러운 제품입니다.",5.0,True,L,179.0,65.0,남성,2026-05-08 01:10:49,사이즈: 정사이즈 / 화면 대비 색감: 화면과 비슷 / 두께감: 적당함 / 신축성: 적당함,True,0,filluminate,상의,L,,2026,5,8,금,5,응답,정사이즈,화면과 비슷,,,적당함,적당함,,3.0,3.0,,0.0,0.0,0.0,0.0,"심플한 검은티, 가슴에 작은 포인트가 있고 무난해서 어느곳에나 매치하기 쉬운 기본 아이템같아요 프린팅도 고급스럽고 과하지 않아서 느낌이 좋습니다 색상은 사진보다 더 짙은, 블랙 블랙입니다 원단이 부드러워서 착용감이 좋았고 너무 흐물거리지도 않는 약간은 탄탄한 핏감이고 두께감도 보통이라 시즌도 덜 탈것같네요 여름부터 가을 이너까지 범용성이 넓어보입니다 전체적인 핏도 자연스럽게 떨어져서 단독으로 입어도 깔끔한 느낌이 납니다. 세탁 후에도 형태가 잘 유지되고 데일리로 자주 손이 가는 만족스러운 제품입니다.",심플한검은티가슴에작은포인트가있고무난해서어느곳에나매치하기쉬운기본아이템같아요프린팅도고급스럽고과하지않아서느낌이좋습니다색상은사진보다더짙은블랙블랙입니다원단이부드러워서착용감이좋았고너무흐물거리지도않는약간은탄탄한핏감이고두께감도보통이라시즌도덜탈것같네요여름부터가을이너까지범용성이넓어보입니다전체적인핏도자연스럽게떨어져서단독으로입어도깔끔한느낌이납니다세탁후에도형태가잘유지되고데일리로자주손이가는만족스러운제품입니다,0,0,0,0,0,False,284,215,282,True,할부도트뎀,"('L', None)",0,False,1,keep,unique,True,84268326
5334006,84268481,general,노력하는피사의상,옷자체는 나쁘지 않았지만 사이즈가 너무 커서 벨트가 필수다,5.0,False,L,177.0,71.0,남성,2026-05-08 01:22:06,사이즈: 많이 큼 / 화면 대비 색감: 어두움 / 퀄리티: 보통 / 신축성: 적당함,False,0,filluminate,하의,L,,2026,5,8,금,5,응답,많이 큼,어두움,보통,,,적당함,3.0,3.0,,,2.0,2.0,-1.0,1.0,옷자체는 나쁘지 않았지만 사이즈가 너무 커서 벨트가 필수다,옷자체는나쁘지않았지만사이즈가너무커서벨트가필수다,0,0,0,0,0,False,32,25,32,True,노력하는피사의상,"('L', None)",0,False,1,keep,unique,True,84268481
﻿6322655,84268494,experience,특정한나고야코디,체험단이 되서 안좋아도 그냥 저냥 입고 다녀야겠다는 생각으로 입었는데 제가 찾던 핏이였어요! 밑 기장이 과하게 길지 않으면서도 소매는 어느정도로 긴 그런 반팔티 찾고있었는데 너무 제가 찾던 티 그 자체라 너무 만족스러워요! 또 뒤 프린팅이 너무 심심하지 않게 꾸며주니까 더운 여름 가볍게 입기 너무 좋을거 같아요.옷 소제 자체도 굉장히 얇고 시원시원한 소제라 마음에 드네요 옷 자체가 예뻐서 위에 더 입어서 꾸미기도 좋고 그냥 생으로 입어도 이쁘고 다용도로 사용할수 있을거 같아 너무 기쁘네요!,5.0,True,L,181.0,69.0,남성,2026-05-08 01:22:30,사이즈: 조금 큼 / 화면 대비 색감: 매우 어두움 / 두께감: 적당함 / 신축성: 거의 없음,True,0,filluminate,상의,L,,2026,5,8,금,5,응답,조금 큼,매우 어두움,,,적당함,거의 없음,,2.0,3.0,,1.0,1.0,-2.0,2.0,체험단이 되서 안좋아도 그냥 저냥 입고 다녀야겠다는 생각으로 입었는데 제가 찾던 핏이였어요! 밑 기장이 과하게 길지 않으면서도 소매는 어느정도로 긴 그런 반팔티 찾고있었는데 너무 제가 찾던 티 그 자체라 너무 만족스러워요! 또 뒤 프린팅이 너무 심심하지 않게 꾸며주니까 더운 여름 가볍게 입기 너무 좋을거 같아요.옷 소제 자체도 굉장히 얇고 시원시원한 소제라 마음에 드네요 옷 자체가 예뻐서 위에 더 입어서 꾸미기도 좋고 그냥 생으로 입어도 이쁘고 다용도로 사용할수 있을거 같아 너무 기쁘네요!,체험단이되서안좋아도그냥저냥입고다녀야겠다는생각으로입었는데제가찾던핏이였어요밑기장이과하게길지않으면서도소매는어느정도로긴그런반팔티찾고있었는데너무제가찾던티그자체라너무만족스러워요또뒤프린팅이너무심심하지않게꾸며주니까더운여름가볍게입기너무좋을거같아요옷소제자체도굉장히얇고시원시원한소제라마음에드네요옷자체가예뻐서위에더입어서꾸미기도좋고그냥생으로입어도이쁘고다용도로사용할수있을거같아너무기쁘네요,0,0,3,0,0,False,276,202,276,True,특정한나고야코디,"('L', None)",0,False,1,keep,unique,True,84268494
﻿3047767,84268745,style,호이안바게트백,"목이 굉장히 타이트하고 쫀쫀함, 세탁 5회 이상 목 늘어남 전혀 없음",5.0,False,MEDIUM,170.0,68.0,남성,2026-05-08 01:38:36,사이즈: 정사이즈 / 화면 대비 색감: 화면과 비슷 / 두께감: 적당함 / 신축성: 적당함,True,0,travel,상의,MEDIUM,,2026,5,8,금,5,응답,정사이즈,화면과 비슷,,,적당함,적당함,,3.0,3.0,,0.0,0.0,0.0,0.0,"목이 굉장히 타이트하고 쫀쫀함, 세탁 5회 이상 목 늘어남 전혀 없음",목이굉장히타이트하고쫀쫀함세탁5회이상목늘어남전혀없음,0,0,0,0,0,False,38,26,38,True,호이안바게트백,"('MEDIUM', None)",0,False,1,keep,unique,True,84268745
﻿5334006,84268986,general,Solle8900,생각만큼 이쁩니다. 근데 사이즈가 많이 커서 한 사이즈 작게 사셔야할듯해요.,5.0,False,L,178.0,74.0,남성,2026-05-08 01:58:26,사이즈: 많이 큼 / 화면 대비 색감: 화면과 비슷 / 퀄리티: 매우 좋음 / 신축성: 거의 없음,False,0,filluminate,하의,L,,2026,5,8,금,5,응답,많이 큼,화면과 비슷,매우 좋음,,,거의 없음,5.0,2.0,,,2.0,2.0,0.0,0.0,생각만큼 이쁩니다. 근데 사이즈가 많이 커서 한 사이즈 작게 사셔야할듯해요.,생각만큼이쁩니다근데사이즈가많이커서한사이즈작게사셔야할듯해요,0,0,0,0,0,False,42,31,42,True,Solle8900,"('L', None)",0,False,1,keep,unique,True,84268986
﻿4987047,84269579,general,가스프규,재질 좋고 여름에 입기좋을거같아요 남자분들 추천합니다,5.0,False,블랙 · XL,177.0,77.0,남성,2026-05-08 03:25:47,사이즈: 정사이즈 / 화면 대비 색감: 화면과 비슷 / 두께감: 적당함 / 신축성: 적당함,False,0,jemut,상의,XL,블랙,2026,5,8,금,5,응답,정사이즈,화면과 비슷,,,적당함,적당함,,3.0,3.0,,0.0,0.0,0.0,0.0,재질 좋고 여름에 입기좋을거같아요 남자분들 추천합니다,재질좋고여름에입기좋을거같아요남자분들추천합니다,0,0,0,0,0,False,29,24,29,True,가스프규,"('XL', '블랙')",0,False,1,keep,unique,True,84269579
